species,plot,richness,treatment,plantnumber,damage,type,stage,combo
Panvi,1,11,I,1,0,ins,E,IinsE
Panvi,1,11,I,2,0,ins,E,IinsE
Panvi,1,11,I,3,0,ins,E,IinsE
Panvi,1,11,I,4,0,ins,E,IinsE
Panvi,1,11,I,5,0,ins,E,IinsE
Panvi,1,11,I,6,0,ins,E,IinsE
Liaas,2,13,IF,3,8.5,ins,E,IFinsE
Liaas,2,13,IF,4,10,ins,E,IFinsE
Andge,3,14,I,1,0,ins,E,IinsE
Andge,3,14,I,2,0,ins,E,IinsE
Andge,3,14,I,4,0,ins,E,IinsE
Andge,3,14,I,5,0,ins,E,IinsE
Andge,3,14,I,6,0,ins,E,IinsE
Bougr,4,13,I,1,0,ins,E,IinsE
Bougr,4,13,I,2,0.8,ins,E,IinsE
Bougr,4,13,I,4,0.6,ins,E,IinsE
Bougr,4,13,I,5,0,ins,E,IinsE
Bougr,4,13,I,6,0,ins,E,IinsE
Muhra,5,13,I,1,0,ins,E,IinsE
Muhra,5,13,I,2,0.2,ins,E,IinsE
Muhra,5,13,I,3,0,ins,E,IinsE
Muhra,5,13,I,4,0.6,ins,E,IinsE
Muhra,5,13,I,5,0,ins,E,IinsE
Muhra,5,13,I,6,0,ins,E,IinsE
Ascsy,6,9,IF,1,0.5,ins,E,IFinsE
Monfi,7,10,IF,1,2.4,ins,E,IFinsE
Monfi,7,10,IF,2,0,ins,E,IFinsE
Ascsy,8,9,I,1,0.2,ins,E,IinsE
Ascsy,8,9,I,2,0,ins,E,IinsE
Ascsy,8,9,I,3,0,ins,E,IinsE
Panvi,9,12,IF,1,0.75,ins,E,IFinsE
Panvi,9,12,IF,2,0,ins,E,IFinsE
Panvi,9,12,IF,3,0,ins,E,IFinsE
Panvi,9,12,IF,4,0.4,ins,E,IFinsE
Panvi,9,12,IF,5,0,ins,E,IFinsE
Panvi,9,12,IF,6,0,ins,E,IFinsE
Schsc,10,14,C,1,3.75,ins,E,CinsE
Schsc,10,14,C,2,0,ins,E,CinsE
Schsc,10,14,C,3,1.6,ins,E,CinsE
Schsc,10,14,C,4,0,ins,E,CinsE
Schsc,10,14,C,5,0.8,ins,E,CinsE
Schsc,10,14,C,6,0,ins,E,CinsE
Andge,11,14,IF,1,0.2,ins,E,IFinsE
Andge,11,14,IF,2,0,ins,E,IFinsE
Andge,11,14,IF,3,0,ins,E,IFinsE
Andge,11,14,IF,4,0,ins,E,IFinsE
Andge,11,14,IF,5,0,ins,E,IFinsE
Andge,11,14,IF,6,0,ins,E,IFinsE
Muhra,12,12,I,2,0,ins,E,IinsE
Muhra,12,12,I,3,0,ins,E,IinsE
Muhra,12,12,I,4,0.25,ins,E,IinsE
Andge,13,9,IF,1,0,ins,E,IFinsE
Andge,13,9,IF,2,0.4,ins,E,IFinsE
Andge,13,9,IF,3,0,ins,E,IFinsE
Andge,13,9,IF,4,0,ins,E,IFinsE
Andge,13,9,IF,5,0,ins,E,IFinsE
Andge,13,9,IF,6,0,ins,E,IFinsE
Asctu,14,12,C,1,14,ins,E,CinsE
Asctu,14,12,C,3,5,ins,E,CinsE
Asctu,14,12,C,6,1.6,ins,E,CinsE
Sornu,15,12,I,1,0.2,ins,E,IinsE
Sornu,15,12,I,2,0.6,ins,E,IinsE
Sornu,15,12,I,3,0,ins,E,IinsE
Sornu,15,12,I,4,0,ins,E,IinsE
Asctu,16,14,I,1,0.6,ins,E,IinsE
Asctu,16,14,I,2,1,ins,E,IinsE
Asctu,16,14,I,3,1.2,ins,E,IinsE
Asctu,16,14,I,4,1.6,ins,E,IinsE
Asctu,16,14,I,5,0,ins,E,IinsE
Asctu,16,14,I,6,1.4,ins,E,IinsE
Astaz,19,15,C,1,17.4,ins,E,CinsE
Astaz,19,15,C,2,9.4,ins,E,CinsE
Astaz,19,15,C,3,16.2,ins,E,CinsE
Astaz,19,15,C,4,32.6,ins,E,CinsE
Astaz,19,15,C,5,26.25,ins,E,CinsE
Astaz,19,15,C,6,34,ins,E,CinsE
Rudhi,20,12,I,1,1.6,ins,E,IinsE
Rudhi,20,12,I,2,1,ins,E,IinsE
Rudhi,20,12,I,3,3.2,ins,E,IinsE
Rudhi,20,12,I,4,0.75,ins,E,IinsE
Rudhi,20,12,I,6,9.8,ins,E,IinsE
Agafo,21,10,I,1,2,ins,E,IinsE
Agafo,21,10,I,2,0.2,ins,E,IinsE
Agafo,21,10,I,3,0.6,ins,E,IinsE
Agafo,21,10,I,4,6.2,ins,E,IinsE
Andge,22,8,I,1,0,ins,E,IinsE
Andge,22,8,I,2,0,ins,E,IinsE
Andge,22,8,I,3,0,ins,E,IinsE
Andge,22,8,I,4,0,ins,E,IinsE
Andge,22,8,I,5,2.4,ins,E,IinsE
Andge,22,8,I,6,0,ins,E,IinsE
Bougr,23,10,I,1,0,ins,E,IinsE
Bougr,23,10,I,2,0,ins,E,IinsE
Bougr,23,10,I,3,0,ins,E,IinsE
Bougr,23,10,I,4,4,ins,E,IinsE
Bougr,23,10,I,5,0.2,ins,E,IinsE
Bougr,23,10,I,6,0,ins,E,IinsE
Boucu,24,15,I,1,0,ins,E,IinsE
Boucu,24,15,I,2,0,ins,E,IinsE
Boucu,24,15,I,3,0,ins,E,IinsE
Boucu,24,15,I,4,0,ins,E,IinsE
Boucu,24,15,I,5,0.4,ins,E,IinsE
Liaas,25,14,C,4,55,ins,E,CinsE
Sornu,26,12,C,1,0.6,ins,E,CinsE
Sornu,26,12,C,2,2.333333333,ins,E,CinsE
Sornu,26,12,C,3,1.2,ins,E,CinsE
Sornu,26,12,C,4,3,ins,E,CinsE
Panvi,27,12,IF,1,0,ins,E,IFinsE
Panvi,27,12,IF,2,0,ins,E,IFinsE
Panvi,27,12,IF,3,0.2,ins,E,IFinsE
Panvi,27,12,IF,4,0,ins,E,IFinsE
Panvi,27,12,IF,5,0.8,ins,E,IFinsE
Panvi,27,12,IF,6,0,ins,E,IFinsE
Boucu,28,12,I,1,0.6,ins,E,IinsE
Boucu,28,12,I,2,7.5,ins,E,IinsE
Boucu,28,12,I,3,0,ins,E,IinsE
Boucu,28,12,I,4,0.4,ins,E,IinsE
Boucu,28,12,I,5,0,ins,E,IinsE
Asctu,29,9,C,1,0,ins,E,CinsE
Asctu,29,9,C,2,0.8,ins,E,CinsE
Asctu,29,9,C,3,0.2,ins,E,CinsE
Asctu,29,9,C,6,12,ins,E,CinsE
Monfi,30,7,IF,2,15.6,ins,E,IFinsE
Astaz,31,11,IF,1,8.333333333,ins,E,IFinsE
Astaz,31,11,IF,2,8.6,ins,E,IFinsE
Astaz,31,11,IF,3,6.4,ins,E,IFinsE
Astaz,31,11,IF,4,1.666666667,ins,E,IFinsE
Asctu,32,10,IF,1,0,ins,E,IFinsE
Asctu,32,10,IF,2,1.2,ins,E,IFinsE
Asctu,32,10,IF,3,0.8,ins,E,IFinsE
Asctu,32,10,IF,4,0,ins,E,IFinsE
Asctu,32,10,IF,5,15.2,ins,E,IFinsE
Asctu,32,10,IF,6,0.8,ins,E,IFinsE
Ascsy,33,12,C,3,0.333333333,ins,E,CinsE
Asctu,34,11,IF,2,0.8,ins,E,IFinsE
Asctu,34,11,IF,3,0,ins,E,IFinsE
Asctu,34,11,IF,4,5.5,ins,E,IFinsE
Asctu,34,11,IF,5,1.6,ins,E,IFinsE
Schsc,35,12,I,1,1,ins,E,IinsE
Schsc,35,12,I,2,1,ins,E,IinsE
Schsc,35,12,I,3,2.8,ins,E,IinsE
Schsc,35,12,I,4,0,ins,E,IinsE
Schsc,35,12,I,6,1,ins,E,IinsE
Schsc,36,15,IF,1,0,ins,E,IFinsE
Schsc,36,15,IF,2,0,ins,E,IFinsE
Schsc,36,15,IF,3,0,ins,E,IFinsE
Schsc,36,15,IF,4,0.4,ins,E,IFinsE
Schsc,36,15,IF,5,0,ins,E,IFinsE
Schsc,36,15,IF,6,0,ins,E,IFinsE
Bougr,37,11,IF,1,0.2,ins,E,IFinsE
Bougr,37,11,IF,2,0,ins,E,IFinsE
Bougr,37,11,IF,3,0,ins,E,IFinsE
Bougr,37,11,IF,4,0,ins,E,IFinsE
Bougr,37,11,IF,5,0,ins,E,IFinsE
Bougr,37,11,IF,6,0.4,ins,E,IFinsE
Sornu,38,10,IF,1,4,ins,E,IFinsE
Sornu,38,10,IF,2,0.2,ins,E,IFinsE
Sornu,38,10,IF,3,1.25,ins,E,IFinsE
Sornu,40,10,C,1,1,ins,E,CinsE
Sornu,40,10,C,2,0,ins,E,CinsE
Sornu,40,10,C,3,0.6,ins,E,CinsE
Sornu,40,10,C,4,0,ins,E,CinsE
Monfi,41,11,C,3,9.4,ins,E,CinsE
Ascsy,42,12,IF,1,0.6,ins,E,IFinsE
Ascsy,42,12,IF,2,0,ins,E,IFinsE
Ascsy,42,12,IF,4,4.4,ins,E,IFinsE
Schsc,43,13,IF,1,0.6,ins,E,IFinsE
Schsc,43,13,IF,2,0,ins,E,IFinsE
Schsc,43,13,IF,3,0,ins,E,IFinsE
Schsc,43,13,IF,4,0,ins,E,IFinsE
Schsc,43,13,IF,5,0.6,ins,E,IFinsE
Schsc,43,13,IF,6,0.2,ins,E,IFinsE
Boucu,44,14,IF,1,0.25,ins,E,IFinsE
Boucu,44,14,IF,2,0,ins,E,IFinsE
Boucu,44,14,IF,3,0.4,ins,E,IFinsE
Boucu,44,14,IF,4,0,ins,E,IFinsE
Boucu,44,14,IF,5,0,ins,E,IFinsE
Andge,45,10,C,1,0.5,ins,E,CinsE
Andge,45,10,C,2,4.8,ins,E,CinsE
Andge,45,10,C,3,5.4,ins,E,CinsE
Andge,45,10,C,4,3.2,ins,E,CinsE
Andge,45,10,C,5,1.2,ins,E,CinsE
Andge,45,10,C,6,2,ins,E,CinsE
Liaas,47,7,C,1,6.333333333,ins,E,CinsE
Astaz,48,12,I,1,10.6,ins,E,IinsE
Astaz,48,12,I,2,1.8,ins,E,IinsE
Astaz,48,12,I,4,7.6,ins,E,IinsE
Astaz,48,12,I,5,15.2,ins,E,IinsE
Astaz,48,12,I,6,19.2,ins,E,IinsE
Muhra,49,14,IF,1,0.4,ins,E,IFinsE
Muhra,49,14,IF,2,0,ins,E,IFinsE
Muhra,49,14,IF,3,0,ins,E,IFinsE
Muhra,49,14,IF,4,0,ins,E,IFinsE
Muhra,49,14,IF,5,0,ins,E,IFinsE
Muhra,49,14,IF,6,0,ins,E,IFinsE
Schsc,50,12,I,1,0,ins,E,IinsE
Schsc,50,12,I,2,0,ins,E,IinsE
Schsc,50,12,I,4,2,ins,E,IinsE
Schsc,50,12,I,6,0.2,ins,E,IinsE
Schsc,51,13,IF,1,0,ins,E,IFinsE
Schsc,51,13,IF,2,0,ins,E,IFinsE
Schsc,51,13,IF,3,0.2,ins,E,IFinsE
Schsc,51,13,IF,4,0,ins,E,IFinsE
Schsc,51,13,IF,5,0.4,ins,E,IFinsE
Schsc,51,13,IF,6,0.8,ins,E,IFinsE
Spohe,52,11,I,1,12.5,ins,E,IinsE
Monfi,53,14,I,2,0,ins,E,IinsE
Rudhi,54,11,I,1,7.6,ins,E,IinsE
Rudhi,54,11,I,2,3,ins,E,IinsE
Rudhi,54,11,I,3,13.6,ins,E,IinsE
Rudhi,54,11,I,4,4,ins,E,IinsE
Rudhi,54,11,I,5,9.5,ins,E,IinsE
Rudhi,54,11,I,6,6.2,ins,E,IinsE
Andge,55,12,C,1,2.4,ins,E,CinsE
Andge,55,12,C,2,1.2,ins,E,CinsE
Andge,55,12,C,3,1,ins,E,CinsE
Andge,55,12,C,4,12.6,ins,E,CinsE
Andge,55,12,C,5,0.5,ins,E,CinsE
Andge,55,12,C,6,0.8,ins,E,CinsE
Boucu,56,13,C,1,0.4,ins,E,CinsE
Boucu,56,13,C,2,20,ins,E,CinsE
Boucu,56,13,C,3,24.2,ins,E,CinsE
Boucu,56,13,C,4,9,ins,E,CinsE
Boucu,56,13,C,5,16.6,ins,E,CinsE
Monfi,57,12,I,1,0.4,ins,E,IinsE
Achmi,58,13,C,5,51.2,ins,E,CinsE
Achmi,58,13,C,6,69,ins,E,CinsE
Sornu,59,12,C,1,8.6,ins,E,CinsE
Sornu,59,12,C,2,1.2,ins,E,CinsE
Sornu,59,12,C,3,2.8,ins,E,CinsE
Sornu,59,12,C,4,0,ins,E,CinsE
Liaas,61,11,IF,1,3,ins,E,IFinsE
Muhra,62,12,C,1,0,ins,E,CinsE
Muhra,62,12,C,3,0,ins,E,CinsE
Muhra,62,12,C,4,4.8,ins,E,CinsE
Muhra,63,8,IF,1,0.8,ins,E,IFinsE
Muhra,63,8,IF,2,0,ins,E,IFinsE
Muhra,63,8,IF,3,0,ins,E,IFinsE
Muhra,63,8,IF,4,0.2,ins,E,IFinsE
Muhra,63,8,IF,5,0,ins,E,IFinsE
Muhra,63,8,IF,6,0,ins,E,IFinsE
Asctu,64,11,IF,1,0.6,ins,E,IFinsE
Asctu,64,11,IF,2,0.4,ins,E,IFinsE
Asctu,64,11,IF,3,0.6,ins,E,IFinsE
Asctu,64,11,IF,4,0,ins,E,IFinsE
Asctu,64,11,IF,5,0.2,ins,E,IFinsE
Asctu,64,11,IF,6,1,ins,E,IFinsE
Asctu,65,9,I,1,0,ins,E,IinsE
Asctu,65,9,I,2,0.6,ins,E,IinsE
Asctu,65,9,I,3,2,ins,E,IinsE
Asctu,65,9,I,5,0.4,ins,E,IinsE
Asctu,65,9,I,6,0,ins,E,IinsE
Panvi,66,10,C,1,0,ins,E,CinsE
Panvi,66,10,C,2,0.2,ins,E,CinsE
Panvi,66,10,C,3,2.2,ins,E,CinsE
Panvi,66,10,C,4,0.5,ins,E,CinsE
Panvi,66,10,C,5,0,ins,E,CinsE
Panvi,66,10,C,6,9,ins,E,CinsE
Astaz,67,10,I,1,4.4,ins,E,IinsE
Astaz,67,10,I,2,4.8,ins,E,IinsE
Astaz,67,10,I,4,5.8,ins,E,IinsE
Astaz,67,10,I,5,11,ins,E,IinsE
Astaz,67,10,I,6,8.8,ins,E,IinsE
Astaz,68,10,C,1,20.8,ins,E,CinsE
Astaz,68,10,C,2,32.2,ins,E,CinsE
Astaz,68,10,C,3,18.4,ins,E,CinsE
Astaz,68,10,C,4,46.6,ins,E,CinsE
Astaz,68,10,C,5,4.2,ins,E,CinsE
Astaz,68,10,C,6,30,ins,E,CinsE
Astaz,69,12,IF,1,7,ins,E,IFinsE
Astaz,69,12,IF,2,5.25,ins,E,IFinsE
Astaz,69,12,IF,3,9.2,ins,E,IFinsE
Astaz,69,12,IF,4,24.6,ins,E,IFinsE
Astaz,69,12,IF,6,3.2,ins,E,IFinsE
Achmi,70,12,C,1,97,ins,E,CinsE
Achmi,70,12,C,3,12,ins,E,CinsE
Achmi,70,12,C,5,65,ins,E,CinsE
Sornu,72,12,IF,1,0.6,ins,E,IFinsE
Sornu,72,12,IF,2,0.8,ins,E,IFinsE
Sornu,72,12,IF,3,2.2,ins,E,IFinsE
Sornu,72,12,IF,4,0,ins,E,IFinsE
Agafo,73,10,IF,1,1,ins,E,IFinsE
Agafo,73,10,IF,3,1.2,ins,E,IFinsE
Agafo,73,10,IF,4,1.8,ins,E,IFinsE
Agafo,73,10,IF,5,3.4,ins,E,IFinsE
Agafo,74,10,I,1,5.6,ins,E,IinsE
Agafo,74,10,I,3,0.2,ins,E,IinsE
Agafo,74,10,I,4,15.8,ins,E,IinsE
Agafo,74,10,I,6,3.6,ins,E,IinsE
Bougr,75,11,I,1,0,ins,E,IinsE
Bougr,75,11,I,2,0,ins,E,IinsE
Bougr,75,11,I,3,0,ins,E,IinsE
Bougr,75,11,I,4,0.2,ins,E,IinsE
Bougr,75,11,I,5,0,ins,E,IinsE
Bougr,75,11,I,6,0,ins,E,IinsE
Bougr,76,12,IF,1,0,ins,E,IFinsE
Bougr,76,12,IF,2,0,ins,E,IFinsE
Bougr,76,12,IF,3,0.8,ins,E,IFinsE
Bougr,76,12,IF,4,0,ins,E,IFinsE
Bougr,76,12,IF,5,0,ins,E,IFinsE
Bougr,76,12,IF,6,0,ins,E,IFinsE
Rudhi,77,11,IF,2,4.4,ins,E,IFinsE
Rudhi,77,11,IF,3,1.2,ins,E,IFinsE
Rudhi,77,11,IF,4,0.4,ins,E,IFinsE
Rudhi,77,11,IF,5,0.4,ins,E,IFinsE
Rudhi,77,11,IF,6,0.8,ins,E,IFinsE
Achmi,78,10,IF,2,71.25,ins,E,IFinsE
Achmi,78,10,IF,3,6.666666667,ins,E,IFinsE
Achmi,78,10,IF,4,10.66666667,ins,E,IFinsE
Sornu,79,10,I,1,5,ins,E,IinsE
Sornu,79,10,I,2,0,ins,E,IinsE
Sornu,79,10,I,3,0,ins,E,IinsE
Sornu,79,10,I,4,1.666666667,ins,E,IinsE
Muhra,80,10,C,2,2,ins,E,CinsE
Muhra,80,10,C,3,0.6,ins,E,CinsE
Muhra,80,10,C,4,22,ins,E,CinsE
Muhra,80,10,C,5,0,ins,E,CinsE
Muhra,81,7,IF,1,0,ins,E,IFinsE
Muhra,81,7,IF,2,0.2,ins,E,IFinsE
Muhra,81,7,IF,3,0,ins,E,IFinsE
Muhra,81,7,IF,4,0.2,ins,E,IFinsE
Muhra,81,7,IF,5,0.4,ins,E,IFinsE
Muhra,81,7,IF,6,1.2,ins,E,IFinsE
Agafo,83,13,C,2,1,ins,E,CinsE
Agafo,83,13,C,3,28.4,ins,E,CinsE
Agafo,83,13,C,4,20,ins,E,CinsE
Bougr,84,11,C,1,0,ins,E,CinsE
Bougr,84,11,C,2,0,ins,E,CinsE
Bougr,84,11,C,3,0,ins,E,CinsE
Bougr,84,11,C,4,7,ins,E,CinsE
Bougr,84,11,C,5,0,ins,E,CinsE
Bougr,84,11,C,6,0,ins,E,CinsE
Ascsy,85,12,I,1,0.5,ins,E,IinsE
Ascsy,85,12,I,2,0,ins,E,IinsE
Ascsy,85,12,I,3,0.2,ins,E,IinsE
Ascsy,85,12,I,4,0.2,ins,E,IinsE
Astaz,86,11,IF,1,8.6,ins,E,IFinsE
Astaz,86,11,IF,2,3.75,ins,E,IFinsE
Astaz,86,11,IF,4,9.2,ins,E,IFinsE
Astaz,86,11,IF,5,3.8,ins,E,IFinsE
Astaz,86,11,IF,6,22.2,ins,E,IFinsE
Andge,87,11,I,1,0.5,ins,E,IinsE
Andge,87,11,I,2,0.6,ins,E,IinsE
Andge,87,11,I,3,0,ins,E,IinsE
Andge,87,11,I,4,0,ins,E,IinsE
Andge,87,11,I,5,0,ins,E,IinsE
Andge,87,11,I,6,2,ins,E,IinsE
Astaz,88,10,I,1,9.6,ins,E,IinsE
Astaz,88,10,I,2,2,ins,E,IinsE
Astaz,88,10,I,3,2.2,ins,E,IinsE
Ascsy,89,10,C,4,0,ins,E,CinsE
Muhra,90,9,C,2,0,ins,E,CinsE
Muhra,90,9,C,3,0,ins,E,CinsE
Muhra,90,9,C,4,0.4,ins,E,CinsE
Muhra,90,9,C,5,0,ins,E,CinsE
Muhra,90,9,C,6,0,ins,E,CinsE
Spohe,91,9,C,1,0,ins,E,CinsE
Spohe,92,8,C,2,32.5,ins,E,CinsE
Spohe,92,8,C,3,1.75,ins,E,CinsE
Schsc,93,7,C,1,0,ins,E,CinsE
Schsc,93,7,C,2,0.75,ins,E,CinsE
Schsc,93,7,C,3,4.4,ins,E,CinsE
Schsc,93,7,C,4,1.4,ins,E,CinsE
Schsc,93,7,C,5,1.2,ins,E,CinsE
Schsc,93,7,C,6,1.2,ins,E,CinsE
Boucu,94,8,IF,3,0,ins,E,IFinsE
Boucu,94,8,IF,4,0,ins,E,IFinsE
Boucu,94,8,IF,5,0,ins,E,IFinsE
Panvi,95,11,I,1,0.2,ins,E,IinsE
Panvi,95,11,I,2,2.5,ins,E,IinsE
Panvi,95,11,I,3,0.2,ins,E,IinsE
Panvi,95,11,I,4,0.8,ins,E,IinsE
Panvi,95,11,I,5,4.4,ins,E,IinsE
Panvi,95,11,I,6,13.33333333,ins,E,IinsE
Asctu,96,8,C,1,100,ins,E,CinsE
Asctu,96,8,C,3,9.4,ins,E,CinsE
Asctu,96,8,C,5,1.6,ins,E,CinsE
Asctu,96,8,C,6,2.8,ins,E,CinsE
Achmi,97,7,C,5,7,ins,E,CinsE
Rudhi,98,7,IF,2,1.6,ins,E,IFinsE
Rudhi,98,7,IF,3,4,ins,E,IFinsE
Rudhi,98,7,IF,4,1.8,ins,E,IFinsE
Rudhi,98,7,IF,5,3.8,ins,E,IFinsE
Bougr,99,7,C,1,7.4,ins,E,CinsE
Bougr,99,7,C,3,0.2,ins,E,CinsE
Bougr,99,7,C,4,36.4,ins,E,CinsE
Bougr,99,7,C,5,9.8,ins,E,CinsE
Bougr,99,7,C,6,4.4,ins,E,CinsE
Panvi,100,11,I,1,0,ins,E,IinsE
Panvi,100,11,I,2,0,ins,E,IinsE
Panvi,100,11,I,3,0.4,ins,E,IinsE
Panvi,100,11,I,4,0,ins,E,IinsE
Panvi,100,11,I,5,0,ins,E,IinsE
Panvi,100,11,I,6,1,ins,E,IinsE
Achmi,101,13,I,1,5.2,ins,E,IinsE
Achmi,101,13,I,3,5.8,ins,E,IinsE
Achmi,101,13,I,4,13.4,ins,E,IinsE
Achmi,101,13,I,5,23.8,ins,E,IinsE
Achmi,101,13,I,6,28.66666667,ins,E,IinsE
Achmi,102,7,IF,1,8.4,ins,E,IFinsE
Achmi,102,7,IF,2,2.333333333,ins,E,IFinsE
Achmi,102,7,IF,5,50.75,ins,E,IFinsE
Achmi,102,7,IF,6,0.6,ins,E,IFinsE
Agafo,103,10,C,2,24.4,ins,E,CinsE
Agafo,103,10,C,3,10.6,ins,E,CinsE
Agafo,103,10,C,4,8,ins,E,CinsE
Rudhi,104,8,C,4,78,ins,E,CinsE
Rudhi,104,8,C,5,12.75,ins,E,CinsE
Rudhi,104,8,C,6,2.25,ins,E,CinsE
Liaas,105,7,I,2,0.333333333,ins,E,IinsE
Bougr,106,9,C,4,11,ins,E,CinsE
Bougr,106,9,C,6,12,ins,E,CinsE
Rudhi,107,9,C,2,1.666666667,ins,E,CinsE
Rudhi,107,9,C,3,24.25,ins,E,CinsE
Rudhi,107,9,C,6,6.25,ins,E,CinsE
Asctu,109,10,I,1,0.2,ins,E,IinsE
Asctu,109,10,I,3,0.4,ins,E,IinsE
Asctu,109,10,I,4,2.2,ins,E,IinsE
Asctu,109,10,I,5,0,ins,E,IinsE
Asctu,109,10,I,6,0.8,ins,E,IinsE
Spohe,110,8,IF,1,3.5,ins,E,IFinsE
Panvi,111,8,C,1,0.666666667,ins,E,CinsE
Panvi,111,8,C,2,19,ins,E,CinsE
Panvi,111,8,C,4,0.75,ins,E,CinsE
Panvi,111,8,C,5,1.5,ins,E,CinsE
Panvi,111,8,C,6,10.75,ins,E,CinsE
Panvi,112,9,IF,1,0.2,ins,E,IFinsE
Panvi,112,9,IF,2,27.5,ins,E,IFinsE
Panvi,112,9,IF,3,0.333333333,ins,E,IFinsE
Panvi,112,9,IF,4,1.4,ins,E,IFinsE
Panvi,112,9,IF,5,0.2,ins,E,IFinsE
Panvi,112,9,IF,6,0,ins,E,IFinsE
Boucu,113,5,C,1,28.2,ins,E,CinsE
Boucu,113,5,C,3,0.8,ins,E,CinsE
Boucu,113,5,C,5,0.8,ins,E,CinsE
Agafo,114,5,I,2,0.6,ins,E,IinsE
Agafo,114,5,I,3,0.8,ins,E,IinsE
Agafo,114,5,I,4,1,ins,E,IinsE
Agafo,115,7,IF,4,0.4,ins,E,IFinsE
Agafo,115,7,IF,6,2,ins,E,IFinsE
Rudhi,116,7,I,1,7.6,ins,E,IinsE
Rudhi,116,7,I,2,0.666666667,ins,E,IinsE
Rudhi,116,7,I,3,1.6,ins,E,IinsE
Rudhi,116,7,I,4,7.5,ins,E,IinsE
Rudhi,116,7,I,5,1,ins,E,IinsE
Bougr,117,9,IF,1,0,ins,E,IFinsE
Bougr,117,9,IF,2,0,ins,E,IFinsE
Bougr,117,9,IF,3,0,ins,E,IFinsE
Bougr,117,9,IF,4,0.4,ins,E,IFinsE
Bougr,117,9,IF,6,0,ins,E,IFinsE
Sornu,118,5,I,1,0,ins,E,IinsE
Sornu,118,5,I,2,0,ins,E,IinsE
Sornu,118,5,I,3,20,ins,E,IinsE
Sornu,118,5,I,4,0,ins,E,IinsE
Spohe,119,11,I,2,0,ins,E,IinsE
Achmi,120,14,I,1,10.6,ins,E,IinsE
Achmi,120,14,I,3,13,ins,E,IinsE
Achmi,120,14,I,4,11.8,ins,E,IinsE
Achmi,120,14,I,5,46.5,ins,E,IinsE
Muhra,122,7,I,1,0,ins,E,IinsE
Muhra,122,7,I,2,0,ins,E,IinsE
Muhra,122,7,I,3,0.2,ins,E,IinsE
Muhra,122,7,I,4,0,ins,E,IinsE
Muhra,122,7,I,5,0,ins,E,IinsE
Muhra,122,7,I,6,0.2,ins,E,IinsE
Schsc,123,5,C,1,8.6,ins,E,CinsE
Schsc,123,5,C,2,6.4,ins,E,CinsE
Schsc,123,5,C,3,7.2,ins,E,CinsE
Schsc,123,5,C,4,3,ins,E,CinsE
Schsc,123,5,C,5,3.4,ins,E,CinsE
Schsc,123,5,C,6,0,ins,E,CinsE
Rudhi,124,5,C,1,19.25,ins,E,CinsE
Rudhi,124,5,C,3,27.66666667,ins,E,CinsE
Rudhi,124,5,C,6,3.75,ins,E,CinsE
Astaz,125,6,C,3,18.6,ins,E,CinsE
Astaz,125,6,C,4,19,ins,E,CinsE
Schsc,127,7,I,1,0.5,ins,E,IinsE
Schsc,127,7,I,2,0,ins,E,IinsE
Schsc,127,7,I,3,0,ins,E,IinsE
Schsc,127,7,I,4,0.6,ins,E,IinsE
Schsc,127,7,I,5,0.4,ins,E,IinsE
Schsc,127,7,I,6,0.2,ins,E,IinsE
Agafo,128,9,IF,1,8.75,ins,E,IFinsE
Agafo,128,9,IF,3,8.8,ins,E,IFinsE
Agafo,128,9,IF,4,15.33333333,ins,E,IFinsE
Agafo,128,9,IF,6,13.75,ins,E,IFinsE
Boucu,129,5,IF,4,1.5,ins,E,IFinsE
Boucu,129,5,IF,5,0.2,ins,E,IFinsE
Andge,130,6,IF,1,0.2,ins,E,IFinsE
Andge,130,6,IF,2,0,ins,E,IFinsE
Andge,130,6,IF,3,1,ins,E,IFinsE
Andge,130,6,IF,4,0,ins,E,IFinsE
Andge,130,6,IF,5,0.5,ins,E,IFinsE
Andge,130,6,IF,6,0,ins,E,IFinsE
Sornu,132,6,IF,1,0,ins,E,IFinsE
Sornu,132,6,IF,2,1,ins,E,IFinsE
Sornu,132,6,IF,3,0,ins,E,IFinsE
Sornu,132,6,IF,4,2,ins,E,IFinsE
Ascsy,133,7,IF,2,0.2,ins,E,IFinsE
Boucu,135,6,C,2,4,ins,E,CinsE
Boucu,135,6,C,3,11.25,ins,E,CinsE
Boucu,135,6,C,4,1,ins,E,CinsE
Boucu,135,6,C,5,7.6,ins,E,CinsE
Achmi,136,8,I,1,1.6,ins,E,IinsE
Achmi,136,8,I,2,1.25,ins,E,IinsE
Achmi,136,8,I,3,6.2,ins,E,IinsE
Achmi,136,8,I,5,8,ins,E,IinsE
Achmi,136,8,I,6,2,ins,E,IinsE
Agafo,137,9,C,1,14,ins,E,CinsE
Agafo,137,9,C,3,7.8,ins,E,CinsE
Agafo,137,9,C,4,7.2,ins,E,CinsE
Boucu,139,6,I,1,0,ins,E,IinsE
Boucu,139,6,I,2,0,ins,E,IinsE
Boucu,139,6,I,3,0.6,ins,E,IinsE
Boucu,139,6,I,4,0.2,ins,E,IinsE
Rudhi,140,6,IF,1,1.2,ins,E,IFinsE
Rudhi,140,6,IF,3,5,ins,E,IFinsE
Rudhi,140,6,IF,4,19.5,ins,E,IFinsE
Rudhi,140,6,IF,5,1,ins,E,IFinsE
Rudhi,140,6,IF,6,0.6,ins,E,IFinsE
Panvi,141,9,C,1,4.4,ins,E,CinsE
Panvi,141,9,C,2,2.2,ins,E,CinsE
Panvi,141,9,C,3,25,ins,E,CinsE
Panvi,141,9,C,4,2,ins,E,CinsE
Panvi,141,9,C,5,4,ins,E,CinsE
Panvi,141,9,C,6,1.666666667,ins,E,CinsE
Andge,143,6,C,1,4,ins,E,CinsE
Andge,143,6,C,4,0,ins,E,CinsE
Andge,143,6,C,6,0,ins,E,CinsE
Achmi,144,6,IF,2,0.5,ins,E,IFinsE
Achmi,144,6,IF,3,1,ins,E,IFinsE
Achmi,144,6,IF,4,0,ins,E,IFinsE
Achmi,144,6,IF,5,36,ins,E,IFinsE
Achmi,144,6,IF,6,0.5,ins,E,IFinsE
Panvi,1,11,I,1,20,fun,E,IfunE
Panvi,1,11,I,2,1,fun,E,IfunE
Panvi,1,11,I,3,1,fun,E,IfunE
Panvi,1,11,I,4,1.25,fun,E,IfunE
Panvi,1,11,I,5,10.33333333,fun,E,IfunE
Panvi,1,11,I,6,7.25,fun,E,IfunE
Liaas,2,13,IF,3,0,fun,E,IFfunE
Liaas,2,13,IF,4,0,fun,E,IFfunE
Andge,3,14,I,1,1,fun,E,IfunE
Andge,3,14,I,2,3,fun,E,IfunE
Andge,3,14,I,4,2.4,fun,E,IfunE
Andge,3,14,I,5,1,fun,E,IfunE
Andge,3,14,I,6,1.666666667,fun,E,IfunE
Bougr,4,13,I,1,0.8,fun,E,IfunE
Bougr,4,13,I,2,1.6,fun,E,IfunE
Bougr,4,13,I,4,1.6,fun,E,IfunE
Bougr,4,13,I,5,0.8,fun,E,IfunE
Bougr,4,13,I,6,4,fun,E,IfunE
Muhra,5,13,I,1,5.2,fun,E,IfunE
Muhra,5,13,I,2,6,fun,E,IfunE
Muhra,5,13,I,3,1.8,fun,E,IfunE
Muhra,5,13,I,4,3.8,fun,E,IfunE
Muhra,5,13,I,5,3,fun,E,IfunE
Muhra,5,13,I,6,4.6,fun,E,IfunE
Ascsy,6,9,IF,1,1.25,fun,E,IFfunE
Monfi,7,10,IF,1,1.8,fun,E,IFfunE
Monfi,7,10,IF,2,2,fun,E,IFfunE
Ascsy,8,9,I,1,2.4,fun,E,IfunE
Ascsy,8,9,I,2,0.75,fun,E,IfunE
Ascsy,8,9,I,3,0.8,fun,E,IfunE
Panvi,9,12,IF,1,4,fun,E,IFfunE
Panvi,9,12,IF,2,1,fun,E,IFfunE
Panvi,9,12,IF,3,0.5,fun,E,IFfunE
Panvi,9,12,IF,4,0.2,fun,E,IFfunE
Panvi,9,12,IF,5,4.2,fun,E,IFfunE
Panvi,9,12,IF,6,2.6,fun,E,IFfunE
Schsc,10,14,C,1,1.5,fun,E,CfunE
Schsc,10,14,C,2,3.4,fun,E,CfunE
Schsc,10,14,C,3,1.2,fun,E,CfunE
Schsc,10,14,C,4,6.5,fun,E,CfunE
Schsc,10,14,C,5,5,fun,E,CfunE
Schsc,10,14,C,6,6.4,fun,E,CfunE
Andge,11,14,IF,1,0.4,fun,E,IFfunE
Andge,11,14,IF,2,3.8,fun,E,IFfunE
Andge,11,14,IF,3,0.8,fun,E,IFfunE
Andge,11,14,IF,4,0,fun,E,IFfunE
Andge,11,14,IF,5,1.4,fun,E,IFfunE
Andge,11,14,IF,6,1.4,fun,E,IFfunE
Muhra,12,12,I,2,1.5,fun,E,IfunE
Muhra,12,12,I,3,2.333333333,fun,E,IfunE
Muhra,12,12,I,4,3.75,fun,E,IfunE
Andge,13,9,IF,1,0.4,fun,E,IFfunE
Andge,13,9,IF,2,0.6,fun,E,IFfunE
Andge,13,9,IF,3,1,fun,E,IFfunE
Andge,13,9,IF,4,3,fun,E,IFfunE
Andge,13,9,IF,5,1.4,fun,E,IFfunE
Andge,13,9,IF,6,2.2,fun,E,IFfunE
Asctu,14,12,C,1,0,fun,E,CfunE
Asctu,14,12,C,3,0.8,fun,E,CfunE
Asctu,14,12,C,6,0.6,fun,E,CfunE
Sornu,15,12,I,1,12.6,fun,E,IfunE
Sornu,15,12,I,2,8.4,fun,E,IfunE
Sornu,15,12,I,3,3.8,fun,E,IfunE
Sornu,15,12,I,4,7,fun,E,IfunE
Asctu,16,14,I,1,0.2,fun,E,IfunE
Asctu,16,14,I,2,0.8,fun,E,IfunE
Asctu,16,14,I,3,0.2,fun,E,IfunE
Asctu,16,14,I,4,1,fun,E,IfunE
Asctu,16,14,I,5,0.6,fun,E,IfunE
Asctu,16,14,I,6,0.6,fun,E,IfunE
Astaz,19,15,C,1,0,fun,E,CfunE
Astaz,19,15,C,2,0,fun,E,CfunE
Astaz,19,15,C,3,0,fun,E,CfunE
Astaz,19,15,C,4,0,fun,E,CfunE
Astaz,19,15,C,5,0,fun,E,CfunE
Astaz,19,15,C,6,0,fun,E,CfunE
Rudhi,20,12,I,1,0,fun,E,IfunE
Rudhi,20,12,I,2,0.2,fun,E,IfunE
Rudhi,20,12,I,3,1,fun,E,IfunE
Rudhi,20,12,I,4,0,fun,E,IfunE
Rudhi,20,12,I,6,0.4,fun,E,IfunE
Agafo,21,10,I,1,1,fun,E,IfunE
Agafo,21,10,I,2,1,fun,E,IfunE
Agafo,21,10,I,3,0.6,fun,E,IfunE
Agafo,21,10,I,4,0.4,fun,E,IfunE
Andge,22,8,I,1,4.4,fun,E,IfunE
Andge,22,8,I,2,5,fun,E,IfunE
Andge,22,8,I,3,3,fun,E,IfunE
Andge,22,8,I,4,2,fun,E,IfunE
Andge,22,8,I,5,5.4,fun,E,IfunE
Andge,22,8,I,6,3.4,fun,E,IfunE
Bougr,23,10,I,1,0.6,fun,E,IfunE
Bougr,23,10,I,2,1,fun,E,IfunE
Bougr,23,10,I,3,3.6,fun,E,IfunE
Bougr,23,10,I,4,2.8,fun,E,IfunE
Bougr,23,10,I,5,0.2,fun,E,IfunE
Bougr,23,10,I,6,0.6,fun,E,IfunE
Boucu,24,15,I,1,1.6,fun,E,IfunE
Boucu,24,15,I,2,1.2,fun,E,IfunE
Boucu,24,15,I,3,2.2,fun,E,IfunE
Boucu,24,15,I,4,3,fun,E,IfunE
Boucu,24,15,I,5,5.8,fun,E,IfunE
Liaas,25,14,C,4,0,fun,E,CfunE
Sornu,26,12,C,1,4.6,fun,E,CfunE
Sornu,26,12,C,2,6.333333333,fun,E,CfunE
Sornu,26,12,C,3,1.4,fun,E,CfunE
Sornu,26,12,C,4,4,fun,E,CfunE
Panvi,27,12,IF,1,2.6,fun,E,IFfunE
Panvi,27,12,IF,2,0,fun,E,IFfunE
Panvi,27,12,IF,3,1.8,fun,E,IFfunE
Panvi,27,12,IF,4,2.75,fun,E,IFfunE
Panvi,27,12,IF,5,1.8,fun,E,IFfunE
Panvi,27,12,IF,6,2,fun,E,IFfunE
Boucu,28,12,I,1,0.8,fun,E,IfunE
Boucu,28,12,I,2,3,fun,E,IfunE
Boucu,28,12,I,3,1.2,fun,E,IfunE
Boucu,28,12,I,4,1.2,fun,E,IfunE
Boucu,28,12,I,5,1.6,fun,E,IfunE
Asctu,29,9,C,1,0,fun,E,CfunE
Asctu,29,9,C,2,0,fun,E,CfunE
Asctu,29,9,C,3,0.2,fun,E,CfunE
Asctu,29,9,C,6,0.8,fun,E,CfunE
Monfi,30,7,IF,2,0,fun,E,IFfunE
Astaz,31,11,IF,1,0,fun,E,IFfunE
Astaz,31,11,IF,2,0.2,fun,E,IFfunE
Astaz,31,11,IF,3,0,fun,E,IFfunE
Astaz,31,11,IF,4,0.333333333,fun,E,IFfunE
Asctu,32,10,IF,1,0,fun,E,IFfunE
Asctu,32,10,IF,2,0,fun,E,IFfunE
Asctu,32,10,IF,3,0,fun,E,IFfunE
Asctu,32,10,IF,4,0,fun,E,IFfunE
Asctu,32,10,IF,5,0,fun,E,IFfunE
Asctu,32,10,IF,6,0,fun,E,IFfunE
Ascsy,33,12,C,3,0.333333333,fun,E,CfunE
Asctu,34,11,IF,2,0,fun,E,IFfunE
Asctu,34,11,IF,3,0.4,fun,E,IFfunE
Asctu,34,11,IF,4,0,fun,E,IFfunE
Asctu,34,11,IF,5,0.2,fun,E,IFfunE
Schsc,35,12,I,1,2.25,fun,E,IfunE
Schsc,35,12,I,2,0.6,fun,E,IfunE
Schsc,35,12,I,3,0.6,fun,E,IfunE
Schsc,35,12,I,4,1,fun,E,IfunE
Schsc,35,12,I,6,2.8,fun,E,IfunE
Schsc,36,15,IF,1,0.6,fun,E,IFfunE
Schsc,36,15,IF,2,1.6,fun,E,IFfunE
Schsc,36,15,IF,3,3.4,fun,E,IFfunE
Schsc,36,15,IF,4,0.8,fun,E,IFfunE
Schsc,36,15,IF,5,0.4,fun,E,IFfunE
Schsc,36,15,IF,6,1,fun,E,IFfunE
Bougr,37,11,IF,1,0,fun,E,IFfunE
Bougr,37,11,IF,2,0.4,fun,E,IFfunE
Bougr,37,11,IF,3,0.2,fun,E,IFfunE
Bougr,37,11,IF,4,0.2,fun,E,IFfunE
Bougr,37,11,IF,5,0.2,fun,E,IFfunE
Bougr,37,11,IF,6,0.4,fun,E,IFfunE
Sornu,38,10,IF,1,0.666666667,fun,E,IFfunE
Sornu,38,10,IF,2,0,fun,E,IFfunE
Sornu,38,10,IF,3,0.75,fun,E,IFfunE
Sornu,40,10,C,1,7.2,fun,E,CfunE
Sornu,40,10,C,2,3.8,fun,E,CfunE
Sornu,40,10,C,3,4.2,fun,E,CfunE
Sornu,40,10,C,4,3.8,fun,E,CfunE
Monfi,41,11,C,3,0.4,fun,E,CfunE
Ascsy,42,12,IF,1,0,fun,E,IFfunE
Ascsy,42,12,IF,2,0,fun,E,IFfunE
Ascsy,42,12,IF,4,0.2,fun,E,IFfunE
Schsc,43,13,IF,1,0.2,fun,E,IFfunE
Schsc,43,13,IF,2,1.4,fun,E,IFfunE
Schsc,43,13,IF,3,1.2,fun,E,IFfunE
Schsc,43,13,IF,4,1.6,fun,E,IFfunE
Schsc,43,13,IF,5,0,fun,E,IFfunE
Schsc,43,13,IF,6,0.2,fun,E,IFfunE
Boucu,44,14,IF,1,0.5,fun,E,IFfunE
Boucu,44,14,IF,2,1.6,fun,E,IFfunE
Boucu,44,14,IF,3,0.4,fun,E,IFfunE
Boucu,44,14,IF,4,0.8,fun,E,IFfunE
Boucu,44,14,IF,5,0.2,fun,E,IFfunE
Andge,45,10,C,1,3,fun,E,CfunE
Andge,45,10,C,2,2.4,fun,E,CfunE
Andge,45,10,C,3,2,fun,E,CfunE
Andge,45,10,C,4,6.8,fun,E,CfunE
Andge,45,10,C,5,2.8,fun,E,CfunE
Andge,45,10,C,6,0.5,fun,E,CfunE
Liaas,47,7,C,1,7.666666667,fun,E,CfunE
Astaz,48,12,I,1,0,fun,E,IfunE
Astaz,48,12,I,2,0,fun,E,IfunE
Astaz,48,12,I,4,0,fun,E,IfunE
Astaz,48,12,I,5,0,fun,E,IfunE
Astaz,48,12,I,6,0,fun,E,IfunE
Muhra,49,14,IF,1,1,fun,E,IFfunE
Muhra,49,14,IF,2,1.8,fun,E,IFfunE
Muhra,49,14,IF,3,1.6,fun,E,IFfunE
Muhra,49,14,IF,4,0.6,fun,E,IFfunE
Muhra,49,14,IF,5,0,fun,E,IFfunE
Muhra,49,14,IF,6,2.2,fun,E,IFfunE
Schsc,50,12,I,1,2,fun,E,IfunE
Schsc,50,12,I,2,1.2,fun,E,IfunE
Schsc,50,12,I,4,1.6,fun,E,IfunE
Schsc,50,12,I,6,3,fun,E,IfunE
Schsc,51,13,IF,1,0.8,fun,E,IFfunE
Schsc,51,13,IF,2,2.2,fun,E,IFfunE
Schsc,51,13,IF,3,0.4,fun,E,IFfunE
Schsc,51,13,IF,4,0,fun,E,IFfunE
Schsc,51,13,IF,5,0.6,fun,E,IFfunE
Schsc,51,13,IF,6,1.2,fun,E,IFfunE
Spohe,52,11,I,1,1,fun,E,IfunE
Monfi,53,14,I,2,0,fun,E,IfunE
Rudhi,54,11,I,1,0,fun,E,IfunE
Rudhi,54,11,I,2,0.8,fun,E,IfunE
Rudhi,54,11,I,3,3.4,fun,E,IfunE
Rudhi,54,11,I,4,0,fun,E,IfunE
Rudhi,54,11,I,5,0,fun,E,IfunE
Rudhi,54,11,I,6,0,fun,E,IfunE
Andge,55,12,C,1,5.2,fun,E,CfunE
Andge,55,12,C,2,1.6,fun,E,CfunE
Andge,55,12,C,3,14.6,fun,E,CfunE
Andge,55,12,C,4,12.4,fun,E,CfunE
Andge,55,12,C,5,7.75,fun,E,CfunE
Andge,55,12,C,6,7.2,fun,E,CfunE
Boucu,56,13,C,1,2.4,fun,E,CfunE
Boucu,56,13,C,2,1,fun,E,CfunE
Boucu,56,13,C,3,3.8,fun,E,CfunE
Boucu,56,13,C,4,4.4,fun,E,CfunE
Boucu,56,13,C,5,4,fun,E,CfunE
Monfi,57,12,I,1,2.4,fun,E,IfunE
Achmi,58,13,C,5,2.4,fun,E,CfunE
Achmi,58,13,C,6,0,fun,E,CfunE
Sornu,59,12,C,1,14,fun,E,CfunE
Sornu,59,12,C,2,1.8,fun,E,CfunE
Sornu,59,12,C,3,4,fun,E,CfunE
Sornu,59,12,C,4,10,fun,E,CfunE
Liaas,61,11,IF,1,0,fun,E,IFfunE
Muhra,62,12,C,1,2.6,fun,E,CfunE
Muhra,62,12,C,3,3.4,fun,E,CfunE
Muhra,62,12,C,4,6.4,fun,E,CfunE
Muhra,63,8,IF,1,0.2,fun,E,IFfunE
Muhra,63,8,IF,2,3.6,fun,E,IFfunE
Muhra,63,8,IF,3,0.8,fun,E,IFfunE
Muhra,63,8,IF,4,0.6,fun,E,IFfunE
Muhra,63,8,IF,5,3.6,fun,E,IFfunE
Muhra,63,8,IF,6,1,fun,E,IFfunE
Asctu,64,11,IF,1,0.6,fun,E,IFfunE
Asctu,64,11,IF,2,0,fun,E,IFfunE
Asctu,64,11,IF,3,0,fun,E,IFfunE
Asctu,64,11,IF,4,0,fun,E,IFfunE
Asctu,64,11,IF,5,0,fun,E,IFfunE
Asctu,64,11,IF,6,0,fun,E,IFfunE
Asctu,65,9,I,1,0.2,fun,E,IfunE
Asctu,65,9,I,2,1.6,fun,E,IfunE
Asctu,65,9,I,3,1.6,fun,E,IfunE
Asctu,65,9,I,5,0,fun,E,IfunE
Asctu,65,9,I,6,0,fun,E,IfunE
Panvi,66,10,C,1,14.6,fun,E,CfunE
Panvi,66,10,C,2,7.6,fun,E,CfunE
Panvi,66,10,C,3,3,fun,E,CfunE
Panvi,66,10,C,4,9,fun,E,CfunE
Panvi,66,10,C,5,3,fun,E,CfunE
Panvi,66,10,C,6,5.4,fun,E,CfunE
Astaz,67,10,I,1,4,fun,E,IfunE
Astaz,67,10,I,2,0,fun,E,IfunE
Astaz,67,10,I,4,0.8,fun,E,IfunE
Astaz,67,10,I,5,0.8,fun,E,IfunE
Astaz,67,10,I,6,0.8,fun,E,IfunE
Astaz,68,10,C,1,0.8,fun,E,CfunE
Astaz,68,10,C,2,0.4,fun,E,CfunE
Astaz,68,10,C,3,0,fun,E,CfunE
Astaz,68,10,C,4,0.2,fun,E,CfunE
Astaz,68,10,C,5,0.4,fun,E,CfunE
Astaz,68,10,C,6,4.8,fun,E,CfunE
Astaz,69,12,IF,1,0,fun,E,IFfunE
Astaz,69,12,IF,2,0,fun,E,IFfunE
Astaz,69,12,IF,3,0.6,fun,E,IFfunE
Astaz,69,12,IF,4,0,fun,E,IFfunE
Astaz,69,12,IF,6,2.4,fun,E,IFfunE
Achmi,70,12,C,1,0,fun,E,CfunE
Achmi,70,12,C,3,0,fun,E,CfunE
Achmi,70,12,C,5,0,fun,E,CfunE
Sornu,72,12,IF,1,3.4,fun,E,IFfunE
Sornu,72,12,IF,2,1.4,fun,E,IFfunE
Sornu,72,12,IF,3,0.4,fun,E,IFfunE
Sornu,72,12,IF,4,1.2,fun,E,IFfunE
Agafo,73,10,IF,1,0.2,fun,E,IFfunE
Agafo,73,10,IF,3,0.2,fun,E,IFfunE
Agafo,73,10,IF,4,0,fun,E,IFfunE
Agafo,73,10,IF,5,1,fun,E,IFfunE
Agafo,74,10,I,1,0.4,fun,E,IfunE
Agafo,74,10,I,3,0.2,fun,E,IfunE
Agafo,74,10,I,4,0,fun,E,IfunE
Agafo,74,10,I,6,0,fun,E,IfunE
Bougr,75,11,I,1,0.8,fun,E,IfunE
Bougr,75,11,I,2,1.4,fun,E,IfunE
Bougr,75,11,I,3,1,fun,E,IfunE
Bougr,75,11,I,4,0.6,fun,E,IfunE
Bougr,75,11,I,5,2.6,fun,E,IfunE
Bougr,75,11,I,6,0,fun,E,IfunE
Bougr,76,12,IF,1,0.2,fun,E,IFfunE
Bougr,76,12,IF,2,0.4,fun,E,IFfunE
Bougr,76,12,IF,3,0,fun,E,IFfunE
Bougr,76,12,IF,4,0,fun,E,IFfunE
Bougr,76,12,IF,5,0,fun,E,IFfunE
Bougr,76,12,IF,6,0.4,fun,E,IFfunE
Rudhi,77,11,IF,2,0.2,fun,E,IFfunE
Rudhi,77,11,IF,3,0,fun,E,IFfunE
Rudhi,77,11,IF,4,0,fun,E,IFfunE
Rudhi,77,11,IF,5,0.2,fun,E,IFfunE
Rudhi,77,11,IF,6,0,fun,E,IFfunE
Achmi,78,10,IF,2,0,fun,E,IFfunE
Achmi,78,10,IF,3,1.666666667,fun,E,IFfunE
Achmi,78,10,IF,4,0,fun,E,IFfunE
Sornu,79,10,I,1,1.666666667,fun,E,IfunE
Sornu,79,10,I,2,11.66666667,fun,E,IfunE
Sornu,79,10,I,3,7,fun,E,IfunE
Sornu,79,10,I,4,4.333333333,fun,E,IfunE
Muhra,80,10,C,2,1.75,fun,E,CfunE
Muhra,80,10,C,3,1.4,fun,E,CfunE
Muhra,80,10,C,4,1.8,fun,E,CfunE
Muhra,80,10,C,5,1.5,fun,E,CfunE
Muhra,81,7,IF,1,2.333333333,fun,E,IFfunE
Muhra,81,7,IF,2,1.2,fun,E,IFfunE
Muhra,81,7,IF,3,1.6,fun,E,IFfunE
Muhra,81,7,IF,4,1.2,fun,E,IFfunE
Muhra,81,7,IF,5,0.6,fun,E,IFfunE
Muhra,81,7,IF,6,4.2,fun,E,IFfunE
Agafo,83,13,C,2,0,fun,E,CfunE
Agafo,83,13,C,3,0,fun,E,CfunE
Agafo,83,13,C,4,0.4,fun,E,CfunE
Bougr,84,11,C,1,0.8,fun,E,CfunE
Bougr,84,11,C,2,3.2,fun,E,CfunE
Bougr,84,11,C,3,3.2,fun,E,CfunE
Bougr,84,11,C,4,0.6,fun,E,CfunE
Bougr,84,11,C,5,0,fun,E,CfunE
Bougr,84,11,C,6,2.2,fun,E,CfunE
Ascsy,85,12,I,1,1.25,fun,E,IfunE
Ascsy,85,12,I,2,0.5,fun,E,IfunE
Ascsy,85,12,I,3,1,fun,E,IfunE
Ascsy,85,12,I,4,1.6,fun,E,IfunE
Astaz,86,11,IF,1,0,fun,E,IFfunE
Astaz,86,11,IF,2,1,fun,E,IFfunE
Astaz,86,11,IF,4,16,fun,E,IFfunE
Astaz,86,11,IF,5,0.4,fun,E,IFfunE
Astaz,86,11,IF,6,30.8,fun,E,IFfunE
Andge,87,11,I,1,6.75,fun,E,IfunE
Andge,87,11,I,2,3.2,fun,E,IfunE
Andge,87,11,I,3,1.8,fun,E,IfunE
Andge,87,11,I,4,0.8,fun,E,IfunE
Andge,87,11,I,5,6.6,fun,E,IfunE
Andge,87,11,I,6,3,fun,E,IfunE
Astaz,88,10,I,1,1.2,fun,E,IfunE
Astaz,88,10,I,2,0,fun,E,IfunE
Astaz,88,10,I,3,2.4,fun,E,IfunE
Ascsy,89,10,C,4,0,fun,E,CfunE
Muhra,90,9,C,2,3,fun,E,CfunE
Muhra,90,9,C,3,2,fun,E,CfunE
Muhra,90,9,C,4,2.2,fun,E,CfunE
Muhra,90,9,C,5,2,fun,E,CfunE
Muhra,90,9,C,6,1.75,fun,E,CfunE
Spohe,91,9,C,1,1,fun,E,CfunE
Spohe,92,8,C,2,6,fun,E,CfunE
Spohe,92,8,C,3,1.75,fun,E,CfunE
Schsc,93,7,C,1,1.4,fun,E,CfunE
Schsc,93,7,C,2,3.75,fun,E,CfunE
Schsc,93,7,C,3,0.4,fun,E,CfunE
Schsc,93,7,C,4,4.6,fun,E,CfunE
Schsc,93,7,C,5,7,fun,E,CfunE
Schsc,93,7,C,6,1.4,fun,E,CfunE
Boucu,94,8,IF,3,0.6,fun,E,IFfunE
Boucu,94,8,IF,4,0.8,fun,E,IFfunE
Boucu,94,8,IF,5,0.2,fun,E,IFfunE
Panvi,95,11,I,1,2.2,fun,E,IfunE
Panvi,95,11,I,2,7,fun,E,IfunE
Panvi,95,11,I,3,5.2,fun,E,IfunE
Panvi,95,11,I,4,3,fun,E,IfunE
Panvi,95,11,I,5,2.4,fun,E,IfunE
Panvi,95,11,I,6,6.333333333,fun,E,IfunE
Asctu,96,8,C,1,0,fun,E,CfunE
Asctu,96,8,C,3,0.4,fun,E,CfunE
Asctu,96,8,C,5,0,fun,E,CfunE
Asctu,96,8,C,6,0,fun,E,CfunE
Achmi,97,7,C,5,2.8,fun,E,CfunE
Rudhi,98,7,IF,2,0.4,fun,E,IFfunE
Rudhi,98,7,IF,3,0.75,fun,E,IFfunE
Rudhi,98,7,IF,4,1,fun,E,IFfunE
Rudhi,98,7,IF,5,2,fun,E,IFfunE
Bougr,99,7,C,1,0.8,fun,E,CfunE
Bougr,99,7,C,3,1,fun,E,CfunE
Bougr,99,7,C,4,0.8,fun,E,CfunE
Bougr,99,7,C,5,1.2,fun,E,CfunE
Bougr,99,7,C,6,2.2,fun,E,CfunE
Panvi,100,11,I,1,2.6,fun,E,IfunE
Panvi,100,11,I,2,5.6,fun,E,IfunE
Panvi,100,11,I,3,8,fun,E,IfunE
Panvi,100,11,I,4,2.333333333,fun,E,IfunE
Panvi,100,11,I,5,3.75,fun,E,IfunE
Panvi,100,11,I,6,8.2,fun,E,IfunE
Achmi,101,13,I,1,0.6,fun,E,IfunE
Achmi,101,13,I,3,0.4,fun,E,IfunE
Achmi,101,13,I,4,2.4,fun,E,IfunE
Achmi,101,13,I,5,0.4,fun,E,IfunE
Achmi,101,13,I,6,0,fun,E,IfunE
Achmi,102,7,IF,1,0,fun,E,IFfunE
Achmi,102,7,IF,2,0,fun,E,IFfunE
Achmi,102,7,IF,5,0.25,fun,E,IFfunE
Achmi,102,7,IF,6,0,fun,E,IFfunE
Agafo,103,10,C,2,0,fun,E,CfunE
Agafo,103,10,C,3,0,fun,E,CfunE
Agafo,103,10,C,4,1,fun,E,CfunE
Rudhi,104,8,C,4,10,fun,E,CfunE
Rudhi,104,8,C,5,1,fun,E,CfunE
Rudhi,104,8,C,6,0,fun,E,CfunE
Liaas,105,7,I,2,0,fun,E,IfunE
Bougr,106,9,C,4,0.5,fun,E,CfunE
Bougr,106,9,C,6,4.8,fun,E,CfunE
Rudhi,107,9,C,2,1.333333333,fun,E,CfunE
Rudhi,107,9,C,3,5.25,fun,E,CfunE
Rudhi,107,9,C,6,0,fun,E,CfunE
Asctu,109,10,I,1,0.2,fun,E,IfunE
Asctu,109,10,I,3,0.2,fun,E,IfunE
Asctu,109,10,I,4,0,fun,E,IfunE
Asctu,109,10,I,5,0,fun,E,IfunE
Asctu,109,10,I,6,1.8,fun,E,IfunE
Spohe,110,8,IF,1,0,fun,E,IFfunE
Panvi,111,8,C,1,2.666666667,fun,E,CfunE
Panvi,111,8,C,2,1.333333333,fun,E,CfunE
Panvi,111,8,C,4,12.5,fun,E,CfunE
Panvi,111,8,C,5,2.5,fun,E,CfunE
Panvi,111,8,C,6,0.25,fun,E,CfunE
Panvi,112,9,IF,1,2.6,fun,E,IFfunE
Panvi,112,9,IF,2,0,fun,E,IFfunE
Panvi,112,9,IF,3,0.333333333,fun,E,IFfunE
Panvi,112,9,IF,4,0.8,fun,E,IFfunE
Panvi,112,9,IF,5,0.6,fun,E,IFfunE
Panvi,112,9,IF,6,1,fun,E,IFfunE
Boucu,113,5,C,1,0.8,fun,E,CfunE
Boucu,113,5,C,3,2.2,fun,E,CfunE
Boucu,113,5,C,5,2.2,fun,E,CfunE
Agafo,114,5,I,2,1.6,fun,E,IfunE
Agafo,114,5,I,3,0,fun,E,IfunE
Agafo,114,5,I,4,1.2,fun,E,IfunE
Agafo,115,7,IF,4,1.8,fun,E,IFfunE
Agafo,115,7,IF,6,0.2,fun,E,IFfunE
Rudhi,116,7,I,1,0.6,fun,E,IfunE
Rudhi,116,7,I,2,0.333333333,fun,E,IfunE
Rudhi,116,7,I,3,0.2,fun,E,IfunE
Rudhi,116,7,I,4,1.25,fun,E,IfunE
Rudhi,116,7,I,5,0.4,fun,E,IfunE
Bougr,117,9,IF,1,0,fun,E,IFfunE
Bougr,117,9,IF,2,0.2,fun,E,IFfunE
Bougr,117,9,IF,3,0,fun,E,IFfunE
Bougr,117,9,IF,4,0.6,fun,E,IFfunE
Bougr,117,9,IF,6,0,fun,E,IFfunE
Sornu,118,5,I,1,4.4,fun,E,IfunE
Sornu,118,5,I,2,2.6,fun,E,IfunE
Sornu,118,5,I,3,2.5,fun,E,IfunE
Sornu,118,5,I,4,3.2,fun,E,IfunE
Spohe,119,11,I,2,0.2,fun,E,IfunE
Achmi,120,14,I,1,0.6,fun,E,IfunE
Achmi,120,14,I,3,0,fun,E,IfunE
Achmi,120,14,I,4,16,fun,E,IfunE
Achmi,120,14,I,5,0,fun,E,IfunE
Muhra,122,7,I,1,1.4,fun,E,IfunE
Muhra,122,7,I,2,1,fun,E,IfunE
Muhra,122,7,I,3,0.6,fun,E,IfunE
Muhra,122,7,I,4,4.6,fun,E,IfunE
Muhra,122,7,I,5,3.2,fun,E,IfunE
Muhra,122,7,I,6,3.2,fun,E,IfunE
Schsc,123,5,C,1,1.6,fun,E,CfunE
Schsc,123,5,C,2,3.8,fun,E,CfunE
Schsc,123,5,C,3,0,fun,E,CfunE
Schsc,123,5,C,4,0.8,fun,E,CfunE
Schsc,123,5,C,5,0.6,fun,E,CfunE
Schsc,123,5,C,6,9.6,fun,E,CfunE
Rudhi,124,5,C,1,0.75,fun,E,CfunE
Rudhi,124,5,C,3,1,fun,E,CfunE
Rudhi,124,5,C,6,5,fun,E,CfunE
Astaz,125,6,C,3,0,fun,E,CfunE
Astaz,125,6,C,4,3.5,fun,E,CfunE
Schsc,127,7,I,1,2.5,fun,E,IfunE
Schsc,127,7,I,2,1.2,fun,E,IfunE
Schsc,127,7,I,3,2.6,fun,E,IfunE
Schsc,127,7,I,4,0.8,fun,E,IfunE
Schsc,127,7,I,5,4.2,fun,E,IfunE
Schsc,127,7,I,6,1.4,fun,E,IfunE
Agafo,128,9,IF,1,0.5,fun,E,IFfunE
Agafo,128,9,IF,3,1,fun,E,IFfunE
Agafo,128,9,IF,4,0,fun,E,IFfunE
Agafo,128,9,IF,6,0.75,fun,E,IFfunE
Boucu,129,5,IF,4,1,fun,E,IFfunE
Boucu,129,5,IF,5,0.2,fun,E,IFfunE
Andge,130,6,IF,1,0.6,fun,E,IFfunE
Andge,130,6,IF,2,0.25,fun,E,IFfunE
Andge,130,6,IF,3,0.5,fun,E,IFfunE
Andge,130,6,IF,4,0.4,fun,E,IFfunE
Andge,130,6,IF,5,0.5,fun,E,IFfunE
Andge,130,6,IF,6,1.4,fun,E,IFfunE
Sornu,132,6,IF,1,0.6,fun,E,IFfunE
Sornu,132,6,IF,2,1.8,fun,E,IFfunE
Sornu,132,6,IF,3,0,fun,E,IFfunE
Sornu,132,6,IF,4,0.6,fun,E,IFfunE
Ascsy,133,7,IF,2,0.4,fun,E,IFfunE
Boucu,135,6,C,2,1.4,fun,E,CfunE
Boucu,135,6,C,3,1,fun,E,CfunE
Boucu,135,6,C,4,0.2,fun,E,CfunE
Boucu,135,6,C,5,3,fun,E,CfunE
Achmi,136,8,I,1,0.2,fun,E,IfunE
Achmi,136,8,I,2,0,fun,E,IfunE
Achmi,136,8,I,3,0,fun,E,IfunE
Achmi,136,8,I,5,2,fun,E,IfunE
Achmi,136,8,I,6,4,fun,E,IfunE
Agafo,137,9,C,1,0.4,fun,E,CfunE
Agafo,137,9,C,3,9,fun,E,CfunE
Agafo,137,9,C,4,0.8,fun,E,CfunE
Boucu,139,6,I,1,1.8,fun,E,IfunE
Boucu,139,6,I,2,6.666666667,fun,E,IfunE
Boucu,139,6,I,3,5,fun,E,IfunE
Boucu,139,6,I,4,1.8,fun,E,IfunE
Rudhi,140,6,IF,1,0.4,fun,E,IFfunE
Rudhi,140,6,IF,3,0,fun,E,IFfunE
Rudhi,140,6,IF,4,0,fun,E,IFfunE
Rudhi,140,6,IF,5,0,fun,E,IFfunE
Rudhi,140,6,IF,6,0,fun,E,IFfunE
Panvi,141,9,C,1,1.6,fun,E,CfunE
Panvi,141,9,C,2,2.6,fun,E,CfunE
Panvi,141,9,C,3,2.5,fun,E,CfunE
Panvi,141,9,C,4,3.6,fun,E,CfunE
Panvi,141,9,C,5,7,fun,E,CfunE
Panvi,141,9,C,6,2.666666667,fun,E,CfunE
Andge,143,6,C,1,1.4,fun,E,CfunE
Andge,143,6,C,4,2.666666667,fun,E,CfunE
Andge,143,6,C,6,2.333333333,fun,E,CfunE
Achmi,144,6,IF,2,1,fun,E,IFfunE
Achmi,144,6,IF,3,0,fun,E,IFfunE
Achmi,144,6,IF,4,0,fun,E,IFfunE
Achmi,144,6,IF,5,0,fun,E,IFfunE
Achmi,144,6,IF,6,0.25,fun,E,IFfunE
Panvi,145,13,I,1,0,ins,M,IinsM
Panvi,145,13,I,2,0.333333333,ins,M,IinsM
Panvi,145,13,I,4,0,ins,M,IinsM
Panvi,145,13,I,5,0,ins,M,IinsM
Panvi,145,13,I,6,1,ins,M,IinsM
Liaas,146,11,IF,4,2,ins,M,IFinsM
Andge,147,17,I,1,0,ins,M,IinsM
Andge,147,17,I,2,1.4,ins,M,IinsM
Andge,147,17,I,3,0,ins,M,IinsM
Andge,147,17,I,4,1,ins,M,IinsM
Andge,147,17,I,5,0.2,ins,M,IinsM
Andge,147,17,I,6,0.8,ins,M,IinsM
Bougr,148,10,I,1,0,ins,M,IinsM
Bougr,148,10,I,2,0,ins,M,IinsM
Bougr,148,10,I,3,0,ins,M,IinsM
Bougr,148,10,I,4,0,ins,M,IinsM
Bougr,148,10,I,5,0,ins,M,IinsM
Bougr,148,10,I,6,0,ins,M,IinsM
Muhra,149,11,I,1,0,ins,M,IinsM
Muhra,149,11,I,2,0.2,ins,M,IinsM
Muhra,149,11,I,3,0,ins,M,IinsM
Muhra,149,11,I,4,0,ins,M,IinsM
Muhra,149,11,I,5,0,ins,M,IinsM
Muhra,149,11,I,6,0,ins,M,IinsM
Ascsy,150,14,IF,1,0.2,ins,M,IFinsM
Monfi,151,10,IF,1,0.8,ins,M,IFinsM
Monfi,151,10,IF,4,0.8,ins,M,IFinsM
Ascsy,152,13,I,1,0,ins,M,IinsM
Panvi,153,15,IF,1,1.25,ins,M,IFinsM
Panvi,153,15,IF,2,0,ins,M,IFinsM
Panvi,153,15,IF,3,0,ins,M,IFinsM
Panvi,153,15,IF,4,0.5,ins,M,IFinsM
Panvi,153,15,IF,5,0.2,ins,M,IFinsM
Panvi,153,15,IF,6,0,ins,M,IFinsM
Schsc,154,13,C,2,0,ins,M,CinsM
Schsc,154,13,C,3,15,ins,M,CinsM
Schsc,154,13,C,4,0,ins,M,CinsM
Schsc,154,13,C,5,0,ins,M,CinsM
Schsc,154,13,C,6,0,ins,M,CinsM
Andge,155,12,IF,1,0.4,ins,M,IFinsM
Andge,155,12,IF,2,0.6,ins,M,IFinsM
Andge,155,12,IF,3,0.333333333,ins,M,IFinsM
Andge,155,12,IF,4,8.2,ins,M,IFinsM
Andge,155,12,IF,5,0,ins,M,IFinsM
Andge,155,12,IF,6,0.6,ins,M,IFinsM
Muhra,156,12,I,1,0.2,ins,M,IinsM
Muhra,156,12,I,2,0.2,ins,M,IinsM
Muhra,156,12,I,3,0.2,ins,M,IinsM
Muhra,156,12,I,4,0,ins,M,IinsM
Muhra,156,12,I,5,0,ins,M,IinsM
Muhra,156,12,I,6,0.6,ins,M,IinsM
Andge,157,13,IF,1,0,ins,M,IFinsM
Andge,157,13,IF,2,0.25,ins,M,IFinsM
Andge,157,13,IF,3,0,ins,M,IFinsM
Andge,157,13,IF,4,0.4,ins,M,IFinsM
Andge,157,13,IF,5,0.6,ins,M,IFinsM
Andge,157,13,IF,6,0,ins,M,IFinsM
Asctu,158,14,C,1,0.8,ins,M,CinsM
Asctu,158,14,C,2,4,ins,M,CinsM
Asctu,158,14,C,3,0.4,ins,M,CinsM
Asctu,158,14,C,4,1.4,ins,M,CinsM
Sornu,159,11,I,1,0.6,ins,M,IinsM
Sornu,159,11,I,2,1,ins,M,IinsM
Sornu,159,11,I,3,1.666666667,ins,M,IinsM
Sornu,159,11,I,4,0,ins,M,IinsM
Asctu,160,13,I,1,0.2,ins,M,IinsM
Asctu,160,13,I,2,0.8,ins,M,IinsM
Asctu,160,13,I,3,0,ins,M,IinsM
Asctu,160,13,I,4,0,ins,M,IinsM
Asctu,160,13,I,5,1,ins,M,IinsM
Asctu,160,13,I,6,3,ins,M,IinsM
Monfi,161,12,IF,2,6,ins,M,IFinsM
Spohe,162,12,I,3,0,ins,M,IinsM
Astaz,163,10,C,1,32.66666667,ins,M,CinsM
Astaz,163,10,C,2,25.6,ins,M,CinsM
Astaz,163,10,C,3,16.25,ins,M,CinsM
Astaz,163,10,C,4,26.6,ins,M,CinsM
Astaz,163,10,C,5,13.4,ins,M,CinsM
Rudhi,164,16,I,1,0,ins,M,IinsM
Rudhi,164,16,I,2,0.6,ins,M,IinsM
Rudhi,164,16,I,3,1,ins,M,IinsM
Rudhi,164,16,I,4,1.5,ins,M,IinsM
Rudhi,164,16,I,5,0.333333333,ins,M,IinsM
Agafo,165,13,I,1,21.25,ins,M,IinsM
Agafo,165,13,I,4,0,ins,M,IinsM
Andge,166,15,I,1,0,ins,M,IinsM
Andge,166,15,I,2,0,ins,M,IinsM
Andge,166,15,I,3,0,ins,M,IinsM
Andge,166,15,I,4,0.333333333,ins,M,IinsM
Andge,166,15,I,5,0,ins,M,IinsM
Andge,166,15,I,6,0.75,ins,M,IinsM
Bougr,167,17,I,1,0,ins,M,IinsM
Bougr,167,17,I,2,0,ins,M,IinsM
Bougr,167,17,I,3,1.25,ins,M,IinsM
Bougr,167,17,I,4,0,ins,M,IinsM
Bougr,167,17,I,5,0,ins,M,IinsM
Bougr,167,17,I,6,0,ins,M,IinsM
Boucu,168,17,I,1,0,ins,M,IinsM
Boucu,168,17,I,2,0,ins,M,IinsM
Boucu,168,17,I,3,0,ins,M,IinsM
Boucu,168,17,I,4,0,ins,M,IinsM
Boucu,168,17,I,5,0,ins,M,IinsM
Liaas,169,16,C,1,20.33333333,ins,M,CinsM
Sornu,170,15,C,1,1.5,ins,M,CinsM
Sornu,170,15,C,2,0,ins,M,CinsM
Sornu,170,15,C,3,0,ins,M,CinsM
Sornu,170,15,C,4,2.2,ins,M,CinsM
Panvi,171,11,IF,1,1.8,ins,M,IFinsM
Panvi,171,11,IF,2,0,ins,M,IFinsM
Panvi,171,11,IF,3,0.5,ins,M,IFinsM
Panvi,171,11,IF,4,0,ins,M,IFinsM
Panvi,171,11,IF,5,0,ins,M,IFinsM
Panvi,171,11,IF,6,0,ins,M,IFinsM
Boucu,172,18,I,1,0,ins,M,IinsM
Boucu,172,18,I,2,0,ins,M,IinsM
Boucu,172,18,I,3,0,ins,M,IinsM
Boucu,172,18,I,4,0,ins,M,IinsM
Boucu,172,18,I,5,0.4,ins,M,IinsM
Asctu,173,15,C,1,6.4,ins,M,CinsM
Asctu,173,15,C,2,1.4,ins,M,CinsM
Asctu,173,15,C,4,3.4,ins,M,CinsM
Asctu,173,15,C,5,2.4,ins,M,CinsM
Asctu,173,15,C,6,0,ins,M,CinsM
Astaz,175,16,IF,1,1.4,ins,M,IFinsM
Astaz,175,16,IF,2,1,ins,M,IFinsM
Astaz,175,16,IF,4,3,ins,M,IFinsM
Astaz,175,16,IF,5,0.6,ins,M,IFinsM
Asctu,176,14,I,3,1,ins,M,IinsM
Asctu,176,14,I,4,2.8,ins,M,IinsM
Asctu,176,14,I,6,0.8,ins,M,IinsM
Ascsy,177,15,C,1,15,ins,M,CinsM
Asctu,178,11,IF,1,1.2,ins,M,IFinsM
Asctu,178,11,IF,2,0.2,ins,M,IFinsM
Asctu,178,11,IF,3,0.2,ins,M,IFinsM
Asctu,178,11,IF,5,1.4,ins,M,IFinsM
Asctu,178,11,IF,6,0.2,ins,M,IFinsM
Schsc,179,11,I,1,0,ins,M,IinsM
Schsc,179,11,I,2,0.6,ins,M,IinsM
Schsc,179,11,I,3,0.2,ins,M,IinsM
Schsc,179,11,I,4,0.4,ins,M,IinsM
Schsc,179,11,I,5,0.6,ins,M,IinsM
Schsc,180,12,IF,1,0.6,ins,M,IFinsM
Schsc,180,12,IF,2,0,ins,M,IFinsM
Schsc,180,12,IF,4,0,ins,M,IFinsM
Schsc,180,12,IF,5,0.4,ins,M,IFinsM
Schsc,180,12,IF,6,0.2,ins,M,IFinsM
Bougr,181,12,IF,1,0,ins,M,IFinsM
Bougr,181,12,IF,2,0,ins,M,IFinsM
Bougr,181,12,IF,3,0.4,ins,M,IFinsM
Bougr,181,12,IF,5,0,ins,M,IFinsM
Bougr,181,12,IF,6,0,ins,M,IFinsM
Sornu,182,13,IF,1,0,ins,M,IFinsM
Sornu,182,13,IF,2,1,ins,M,IFinsM
Sornu,182,13,IF,3,0.4,ins,M,IFinsM
Sornu,182,13,IF,4,0,ins,M,IFinsM
Sornu,184,12,C,1,0,ins,M,CinsM
Sornu,184,12,C,2,1.25,ins,M,CinsM
Sornu,184,12,C,3,20.4,ins,M,CinsM
Sornu,184,12,C,4,0.333333333,ins,M,CinsM
Monfi,185,12,C,4,12.6,ins,M,CinsM
Ascsy,186,11,IF,1,0,ins,M,IFinsM
Ascsy,186,11,IF,3,0.6,ins,M,IFinsM
Schsc,187,13,IF,1,0.2,ins,M,IFinsM
Schsc,187,13,IF,2,0,ins,M,IFinsM
Schsc,187,13,IF,3,0,ins,M,IFinsM
Schsc,187,13,IF,4,0,ins,M,IFinsM
Schsc,187,13,IF,5,0,ins,M,IFinsM
Schsc,187,13,IF,6,0,ins,M,IFinsM
Boucu,188,13,IF,1,0,ins,M,IFinsM
Boucu,188,13,IF,2,6,ins,M,IFinsM
Boucu,188,13,IF,3,0,ins,M,IFinsM
Boucu,188,13,IF,4,0.6,ins,M,IFinsM
Boucu,188,13,IF,5,0,ins,M,IFinsM
Andge,189,10,C,1,1,ins,M,CinsM
Andge,189,10,C,2,9.333333333,ins,M,CinsM
Andge,189,10,C,4,1,ins,M,CinsM
Andge,189,10,C,5,1.6,ins,M,CinsM
Andge,189,10,C,6,0,ins,M,CinsM
Liaas,191,10,C,4,0.5,ins,M,CinsM
Astaz,192,13,I,1,14.75,ins,M,IinsM
Astaz,192,13,I,2,1,ins,M,IinsM
Astaz,192,13,I,3,3.6,ins,M,IinsM
Astaz,192,13,I,5,6,ins,M,IinsM
Muhra,193,14,IF,1,0,ins,M,IFinsM
Muhra,193,14,IF,2,10,ins,M,IFinsM
Muhra,193,14,IF,3,0,ins,M,IFinsM
Muhra,193,14,IF,4,0,ins,M,IFinsM
Muhra,193,14,IF,5,0,ins,M,IFinsM
Schsc,194,14,I,1,9,ins,M,IinsM
Schsc,194,14,I,2,0.25,ins,M,IinsM
Schsc,194,14,I,3,1.6,ins,M,IinsM
Schsc,194,14,I,4,0.6,ins,M,IinsM
Schsc,194,14,I,5,0,ins,M,IinsM
Schsc,194,14,I,6,0.2,ins,M,IinsM
Schsc,195,14,IF,1,0,ins,M,IFinsM
Schsc,195,14,IF,2,0.2,ins,M,IFinsM
Schsc,195,14,IF,3,0.2,ins,M,IFinsM
Schsc,195,14,IF,5,0.2,ins,M,IFinsM
Schsc,195,14,IF,6,0,ins,M,IFinsM
Spohe,196,11,I,2,0,ins,M,IinsM
Spohe,196,11,I,3,0,ins,M,IinsM
Rudhi,198,14,I,1,0,ins,M,IinsM
Rudhi,198,14,I,2,2,ins,M,IinsM
Rudhi,198,14,I,4,0,ins,M,IinsM
Rudhi,198,14,I,6,1,ins,M,IinsM
Andge,199,14,C,2,0.333333333,ins,M,CinsM
Andge,199,14,C,3,2,ins,M,CinsM
Andge,199,14,C,4,0.5,ins,M,CinsM
Andge,199,14,C,5,12.5,ins,M,CinsM
Andge,199,14,C,6,2,ins,M,CinsM
Boucu,200,7,C,1,2.666666667,ins,M,CinsM
Boucu,200,7,C,2,0,ins,M,CinsM
Boucu,200,7,C,3,0,ins,M,CinsM
Boucu,200,7,C,4,5,ins,M,CinsM
Boucu,200,7,C,5,0.8,ins,M,CinsM
Achmi,202,13,C,1,3,ins,M,CinsM
Achmi,202,13,C,5,2,ins,M,CinsM
Achmi,202,13,C,6,57,ins,M,CinsM
Sornu,203,15,C,1,0,ins,M,CinsM
Sornu,203,15,C,2,4.666666667,ins,M,CinsM
Sornu,203,15,C,3,0.75,ins,M,CinsM
Sornu,203,15,C,4,0,ins,M,CinsM
Ascsy,204,14,I,1,3.75,ins,M,IinsM
Ascsy,204,14,I,2,0,ins,M,IinsM
Liaas,205,12,IF,3,1,ins,M,IFinsM
Muhra,206,12,C,1,0,ins,M,CinsM
Muhra,206,12,C,4,0,ins,M,CinsM
Muhra,207,10,IF,1,0,ins,M,IFinsM
Muhra,207,10,IF,2,0.75,ins,M,IFinsM
Muhra,207,10,IF,3,0.2,ins,M,IFinsM
Muhra,207,10,IF,4,0.666666667,ins,M,IFinsM
Muhra,207,10,IF,6,0,ins,M,IFinsM
Asctu,208,11,IF,2,0.4,ins,M,IFinsM
Asctu,208,11,IF,4,0.8,ins,M,IFinsM
Asctu,208,11,IF,5,5.2,ins,M,IFinsM
Asctu,208,11,IF,6,1.4,ins,M,IFinsM
Asctu,209,11,I,1,0,ins,M,IinsM
Asctu,209,11,I,3,0,ins,M,IinsM
Asctu,209,11,I,4,0,ins,M,IinsM
Asctu,209,11,I,6,1.2,ins,M,IinsM
Panvi,210,13,C,1,2,ins,M,CinsM
Panvi,210,13,C,2,24,ins,M,CinsM
Panvi,210,13,C,3,1,ins,M,CinsM
Panvi,210,13,C,4,18.6,ins,M,CinsM
Panvi,210,13,C,5,0,ins,M,CinsM
Panvi,210,13,C,6,3.333333333,ins,M,CinsM
Astaz,211,13,I,1,5,ins,M,IinsM
Astaz,211,13,I,2,1.4,ins,M,IinsM
Astaz,211,13,I,4,10.4,ins,M,IinsM
Astaz,211,13,I,5,1.25,ins,M,IinsM
Astaz,211,13,I,6,11.4,ins,M,IinsM
Astaz,212,14,C,1,15,ins,M,CinsM
Astaz,212,14,C,3,15.5,ins,M,CinsM
Astaz,212,14,C,4,24,ins,M,CinsM
Astaz,212,14,C,5,19.66666667,ins,M,CinsM
Astaz,212,14,C,6,8.25,ins,M,CinsM
Astaz,213,12,IF,1,3.666666667,ins,M,IFinsM
Astaz,213,12,IF,2,0.4,ins,M,IFinsM
Astaz,213,12,IF,3,9.5,ins,M,IFinsM
Astaz,213,12,IF,4,5.75,ins,M,IFinsM
Astaz,213,12,IF,5,8.75,ins,M,IFinsM
Astaz,213,12,IF,6,17.75,ins,M,IFinsM
Achmi,214,10,C,1,37,ins,M,CinsM
Achmi,214,10,C,2,5.5,ins,M,CinsM
Achmi,214,10,C,5,55,ins,M,CinsM
Ascsy,215,9,C,1,0,ins,M,CinsM
Sornu,216,13,IF,1,1.25,ins,M,IFinsM
Sornu,216,13,IF,2,0.666666667,ins,M,IFinsM
Sornu,216,13,IF,3,0,ins,M,IFinsM
Sornu,216,13,IF,4,14.5,ins,M,IFinsM
Agafo,217,15,IF,1,0.4,ins,M,IFinsM
Agafo,217,15,IF,3,5.4,ins,M,IFinsM
Agafo,218,13,I,1,2.8,ins,M,IinsM
Agafo,218,13,I,6,1,ins,M,IinsM
Bougr,219,14,I,1,0,ins,M,IinsM
Bougr,219,14,I,3,0,ins,M,IinsM
Bougr,219,14,I,4,0,ins,M,IinsM
Bougr,219,14,I,5,0,ins,M,IinsM
Bougr,219,14,I,6,0,ins,M,IinsM
Bougr,220,15,IF,1,0,ins,M,IFinsM
Bougr,220,15,IF,2,0,ins,M,IFinsM
Bougr,220,15,IF,3,0,ins,M,IFinsM
Bougr,220,15,IF,4,0,ins,M,IFinsM
Bougr,220,15,IF,5,0,ins,M,IFinsM
Bougr,220,15,IF,6,0.2,ins,M,IFinsM
Rudhi,221,11,IF,1,0.6,ins,M,IFinsM
Rudhi,221,11,IF,2,0.6,ins,M,IFinsM
Rudhi,221,11,IF,3,4,ins,M,IFinsM
Rudhi,221,11,IF,4,1.25,ins,M,IFinsM
Rudhi,221,11,IF,6,0.666666667,ins,M,IFinsM
Achmi,222,10,IF,4,55,ins,M,IFinsM
Achmi,222,10,IF,5,18,ins,M,IFinsM
Sornu,223,11,I,1,0.25,ins,M,IinsM
Sornu,223,11,I,2,0,ins,M,IinsM
Sornu,223,11,I,3,0.6,ins,M,IinsM
Sornu,223,11,I,4,0,ins,M,IinsM
Muhra,224,12,C,1,0,ins,M,CinsM
Muhra,224,12,C,2,2.8,ins,M,CinsM
Muhra,224,12,C,5,0,ins,M,CinsM
Muhra,224,12,C,6,0,ins,M,CinsM
Muhra,225,15,IF,1,0.25,ins,M,IFinsM
Muhra,225,15,IF,2,0,ins,M,IFinsM
Muhra,225,15,IF,3,0.25,ins,M,IFinsM
Muhra,225,15,IF,4,0,ins,M,IFinsM
Muhra,225,15,IF,5,0.2,ins,M,IFinsM
Muhra,225,15,IF,6,0.6,ins,M,IFinsM
Agafo,227,14,C,1,27,ins,M,CinsM
Agafo,227,14,C,2,27.6,ins,M,CinsM
Agafo,227,14,C,3,18.6,ins,M,CinsM
Agafo,227,14,C,5,23.8,ins,M,CinsM
Bougr,228,14,C,1,17.4,ins,M,CinsM
Bougr,228,14,C,3,5.333333333,ins,M,CinsM
Bougr,228,14,C,4,0.2,ins,M,CinsM
Bougr,228,14,C,5,0,ins,M,CinsM
Bougr,228,14,C,6,0.6,ins,M,CinsM
Ascsy,229,12,I,1,0,ins,M,IinsM
Ascsy,229,12,I,3,0,ins,M,IinsM
Astaz,230,12,IF,1,3.8,ins,M,IFinsM
Astaz,230,12,IF,2,4,ins,M,IFinsM
Astaz,230,12,IF,3,0,ins,M,IFinsM
Astaz,230,12,IF,5,2.25,ins,M,IFinsM
Astaz,230,12,IF,6,0,ins,M,IFinsM
Andge,231,10,I,1,1.8,ins,M,IinsM
Andge,231,10,I,2,1,ins,M,IinsM
Andge,231,10,I,4,0,ins,M,IinsM
Andge,231,10,I,5,0,ins,M,IinsM
Andge,231,10,I,6,0,ins,M,IinsM
Astaz,232,12,I,1,15,ins,M,IinsM
Astaz,232,12,I,2,4.666666667,ins,M,IinsM
Astaz,232,12,I,4,2,ins,M,IinsM
Astaz,232,12,I,5,3.666666667,ins,M,IinsM
Astaz,232,12,I,6,0,ins,M,IinsM
Muhra,234,13,C,2,0,ins,M,CinsM
Muhra,234,13,C,3,0.6,ins,M,CinsM
Muhra,234,13,C,4,0,ins,M,CinsM
Muhra,234,13,C,5,0,ins,M,CinsM
Spohe,235,12,C,1,0,ins,M,CinsM
Spohe,235,12,C,2,0.333333333,ins,M,CinsM
Schsc,237,9,C,1,0,ins,M,CinsM
Schsc,237,9,C,2,0,ins,M,CinsM
Schsc,237,9,C,3,0.75,ins,M,CinsM
Schsc,237,9,C,4,1.25,ins,M,CinsM
Schsc,237,9,C,5,0,ins,M,CinsM
Schsc,237,9,C,6,1,ins,M,CinsM
Boucu,238,11,IF,1,0.2,ins,M,IFinsM
Boucu,238,11,IF,3,0.4,ins,M,IFinsM
Boucu,238,11,IF,4,0.5,ins,M,IFinsM
Boucu,238,11,IF,5,0,ins,M,IFinsM
Panvi,239,11,I,1,2.5,ins,M,IinsM
Panvi,239,11,I,2,0.4,ins,M,IinsM
Panvi,239,11,I,3,0.4,ins,M,IinsM
Panvi,239,11,I,4,0,ins,M,IinsM
Panvi,239,11,I,5,0,ins,M,IinsM
Panvi,239,11,I,6,1,ins,M,IinsM
Achmi,241,12,C,2,3.25,ins,M,CinsM
Achmi,241,12,C,3,54.75,ins,M,CinsM
Rudhi,242,13,IF,1,0,ins,M,IFinsM
Rudhi,242,13,IF,2,0.4,ins,M,IFinsM
Rudhi,242,13,IF,3,0,ins,M,IFinsM
Rudhi,242,13,IF,5,2.6,ins,M,IFinsM
Rudhi,242,13,IF,6,4.25,ins,M,IFinsM
Bougr,243,9,C,1,4.4,ins,M,CinsM
Bougr,243,9,C,2,6.6,ins,M,CinsM
Bougr,243,9,C,5,15.2,ins,M,CinsM
Panvi,244,10,I,1,0,ins,M,IinsM
Panvi,244,10,I,2,0,ins,M,IinsM
Panvi,244,10,I,3,0.6,ins,M,IinsM
Panvi,244,10,I,4,0,ins,M,IinsM
Panvi,244,10,I,5,0.6,ins,M,IinsM
Panvi,244,10,I,6,0,ins,M,IinsM
Achmi,245,11,I,1,1,ins,M,IinsM
Achmi,245,11,I,5,7.333333333,ins,M,IinsM
Achmi,245,11,I,6,1,ins,M,IinsM
Achmi,246,10,IF,6,10.4,ins,M,IFinsM
Agafo,247,12,C,2,6.6,ins,M,CinsM
Rudhi,248,11,C,1,1,ins,M,CinsM
Rudhi,248,11,C,2,16.5,ins,M,CinsM
Liaas,249,10,I,1,0,ins,M,IinsM
Liaas,249,10,I,3,0,ins,M,IinsM
Bougr,250,12,C,2,0.2,ins,M,CinsM
Bougr,250,12,C,3,1,ins,M,CinsM
Bougr,250,12,C,4,61,ins,M,CinsM
Bougr,250,12,C,5,7.2,ins,M,CinsM
Bougr,250,12,C,6,0,ins,M,CinsM
Rudhi,251,11,C,2,6.5,ins,M,CinsM
Spohe,252,11,IF,1,0.333333333,ins,M,IFinsM
Spohe,252,11,IF,3,1,ins,M,IFinsM
Asctu,253,10,IF,1,0.2,ins,M,IFinsM
Asctu,253,10,IF,2,0.8,ins,M,IFinsM
Asctu,253,10,IF,3,0.4,ins,M,IFinsM
Asctu,253,10,IF,4,0,ins,M,IFinsM
Asctu,253,10,IF,5,5.6,ins,M,IFinsM
Spohe,254,7,IF,1,0,ins,M,IFinsM
Panvi,255,12,C,1,0.6,ins,M,CinsM
Panvi,255,12,C,2,0.75,ins,M,CinsM
Panvi,255,12,C,3,0.2,ins,M,CinsM
Panvi,255,12,C,4,1.6,ins,M,CinsM
Panvi,255,12,C,5,13,ins,M,CinsM
Panvi,255,12,C,6,0,ins,M,CinsM
Panvi,256,16,IF,1,1.25,ins,M,IFinsM
Panvi,256,16,IF,3,19,ins,M,IFinsM
Panvi,256,16,IF,4,0.333333333,ins,M,IFinsM
Panvi,256,16,IF,5,0.333333333,ins,M,IFinsM
Panvi,256,16,IF,6,0.25,ins,M,IFinsM
Boucu,257,12,C,1,1.6,ins,M,CinsM
Boucu,257,12,C,3,5.6,ins,M,CinsM
Boucu,257,12,C,4,2.6,ins,M,CinsM
Agafo,258,10,I,1,0.2,ins,M,IinsM
Agafo,258,10,I,3,1.2,ins,M,IinsM
Agafo,258,10,I,4,5.4,ins,M,IinsM
Agafo,259,13,IF,1,0.8,ins,M,IFinsM
Agafo,259,13,IF,2,7.2,ins,M,IFinsM
Agafo,259,13,IF,3,5.6,ins,M,IFinsM
Agafo,259,13,IF,5,0.6,ins,M,IFinsM
Rudhi,260,15,I,1,7.6,ins,M,IinsM
Rudhi,260,15,I,2,5.5,ins,M,IinsM
Rudhi,260,15,I,3,1.333333333,ins,M,IinsM
Rudhi,260,15,I,5,0,ins,M,IinsM
Rudhi,260,15,I,6,0,ins,M,IinsM
Bougr,261,13,IF,1,0,ins,M,IFinsM
Bougr,261,13,IF,2,0,ins,M,IFinsM
Bougr,261,13,IF,3,0,ins,M,IFinsM
Bougr,261,13,IF,4,0,ins,M,IFinsM
Bougr,261,13,IF,5,0,ins,M,IFinsM
Bougr,261,13,IF,6,0,ins,M,IFinsM
Sornu,262,12,I,1,0,ins,M,IinsM
Sornu,262,12,I,2,0,ins,M,IinsM
Sornu,262,12,I,3,0.6,ins,M,IinsM
Sornu,262,12,I,4,0,ins,M,IinsM
Spohe,263,13,I,1,0,ins,M,IinsM
Achmi,264,13,I,1,2,ins,M,IinsM
Achmi,264,13,I,2,24,ins,M,IinsM
Achmi,264,13,I,3,4.8,ins,M,IinsM
Muhra,266,9,I,1,0,ins,M,IinsM
Muhra,266,9,I,2,0,ins,M,IinsM
Muhra,266,9,I,3,2.4,ins,M,IinsM
Muhra,266,9,I,4,0,ins,M,IinsM
Muhra,266,9,I,5,1.8,ins,M,IinsM
Muhra,266,9,I,6,0,ins,M,IinsM
Schsc,267,13,C,1,1.8,ins,M,CinsM
Schsc,267,13,C,2,0.6,ins,M,CinsM
Schsc,267,13,C,3,1.4,ins,M,CinsM
Schsc,267,13,C,4,1,ins,M,CinsM
Schsc,267,13,C,6,11.6,ins,M,CinsM
Rudhi,268,15,C,1,8,ins,M,CinsM
Rudhi,268,15,C,5,0,ins,M,CinsM
Rudhi,268,15,C,6,16.25,ins,M,CinsM
Astaz,269,9,C,1,6.25,ins,M,CinsM
Astaz,269,9,C,2,4,ins,M,CinsM
Astaz,269,9,C,3,2.75,ins,M,CinsM
Astaz,269,9,C,4,34,ins,M,CinsM
Astaz,269,9,C,6,1.25,ins,M,CinsM
Liaas,270,11,IF,2,21.66666667,ins,M,IFinsM
Schsc,271,12,I,1,0,ins,M,IinsM
Schsc,271,12,I,2,0,ins,M,IinsM
Schsc,271,12,I,3,0,ins,M,IinsM
Schsc,271,12,I,5,0,ins,M,IinsM
Schsc,271,12,I,6,0,ins,M,IinsM
Agafo,272,13,IF,1,3,ins,M,IFinsM
Agafo,272,13,IF,2,0.6,ins,M,IFinsM
Agafo,272,13,IF,3,10,ins,M,IFinsM
Boucu,273,11,IF,2,1,ins,M,IFinsM
Boucu,273,11,IF,3,0,ins,M,IFinsM
Boucu,273,11,IF,4,0,ins,M,IFinsM
Boucu,273,11,IF,5,0.2,ins,M,IFinsM
Andge,274,11,IF,1,1,ins,M,IFinsM
Andge,274,11,IF,2,0,ins,M,IFinsM
Andge,274,11,IF,3,0,ins,M,IFinsM
Andge,274,11,IF,4,0.2,ins,M,IFinsM
Andge,274,11,IF,6,0.666666667,ins,M,IFinsM
Sornu,276,12,IF,1,0.8,ins,M,IFinsM
Sornu,276,12,IF,2,0,ins,M,IFinsM
Sornu,276,12,IF,3,0.4,ins,M,IFinsM
Sornu,276,12,IF,4,0,ins,M,IFinsM
Ascsy,277,10,IF,1,0,ins,M,IFinsM
Ascsy,277,10,IF,2,0,ins,M,IFinsM
Ascsy,277,10,IF,3,0,ins,M,IFinsM
Liaas,278,13,I,4,14,ins,M,IinsM
Boucu,279,7,C,2,0,ins,M,CinsM
Boucu,279,7,C,3,0,ins,M,CinsM
Achmi,280,9,I,2,5.333333333,ins,M,IinsM
Achmi,280,9,I,3,22.66666667,ins,M,IinsM
Achmi,280,9,I,4,2.5,ins,M,IinsM
Agafo,281,10,C,4,32.4,ins,M,CinsM
Boucu,283,9,I,1,0,ins,M,IinsM
Boucu,283,9,I,4,0,ins,M,IinsM
Rudhi,284,9,IF,1,12.2,ins,M,IFinsM
Rudhi,284,9,IF,3,1.75,ins,M,IFinsM
Rudhi,284,9,IF,4,3.6,ins,M,IFinsM
Panvi,285,10,C,1,4.333333333,ins,M,CinsM
Panvi,285,10,C,2,0.5,ins,M,CinsM
Panvi,285,10,C,3,5,ins,M,CinsM
Panvi,285,10,C,4,0,ins,M,CinsM
Panvi,285,10,C,5,1.333333333,ins,M,CinsM
Panvi,285,10,C,6,21,ins,M,CinsM
Andge,287,12,C,1,14,ins,M,CinsM
Andge,287,12,C,2,0,ins,M,CinsM
Andge,287,12,C,3,0,ins,M,CinsM
Andge,287,12,C,4,0,ins,M,CinsM
Andge,287,12,C,5,0.333333333,ins,M,CinsM
Andge,287,12,C,6,0.25,ins,M,CinsM
Achmi,288,10,IF,1,23,ins,M,IFinsM
Achmi,288,10,IF,2,0,ins,M,IFinsM
Achmi,288,10,IF,3,15,ins,M,IFinsM
Panvi,145,13,I,1,1,fun,M,IfunM
Panvi,145,13,I,2,3.666666667,fun,M,IfunM
Panvi,145,13,I,4,1.666666667,fun,M,IfunM
Panvi,145,13,I,5,4,fun,M,IfunM
Panvi,145,13,I,6,6,fun,M,IfunM
Liaas,146,11,IF,4,0,fun,M,IFfunM
Andge,147,17,I,1,0.75,fun,M,IfunM
Andge,147,17,I,2,2.6,fun,M,IfunM
Andge,147,17,I,3,1,fun,M,IfunM
Andge,147,17,I,4,0.8,fun,M,IfunM
Andge,147,17,I,5,2,fun,M,IfunM
Andge,147,17,I,6,1.2,fun,M,IfunM
Bougr,148,10,I,1,0.2,fun,M,IfunM
Bougr,148,10,I,2,0.8,fun,M,IfunM
Bougr,148,10,I,3,0.2,fun,M,IfunM
Bougr,148,10,I,4,0.4,fun,M,IfunM
Bougr,148,10,I,5,0.2,fun,M,IfunM
Bougr,148,10,I,6,1.666666667,fun,M,IfunM
Muhra,149,11,I,1,1.8,fun,M,IfunM
Muhra,149,11,I,2,1.6,fun,M,IfunM
Muhra,149,11,I,3,1.8,fun,M,IfunM
Muhra,149,11,I,4,1.6,fun,M,IfunM
Muhra,149,11,I,5,3,fun,M,IfunM
Muhra,149,11,I,6,1.4,fun,M,IfunM
Ascsy,150,14,IF,1,0.4,fun,M,IFfunM
Monfi,151,10,IF,1,0.2,fun,M,IFfunM
Monfi,151,10,IF,4,0.2,fun,M,IFfunM
Ascsy,152,13,I,1,0.4,fun,M,IfunM
Panvi,153,15,IF,1,0.75,fun,M,IFfunM
Panvi,153,15,IF,2,0.75,fun,M,IFfunM
Panvi,153,15,IF,3,0.333333333,fun,M,IFfunM
Panvi,153,15,IF,4,1,fun,M,IFfunM
Panvi,153,15,IF,5,1.8,fun,M,IFfunM
Panvi,153,15,IF,6,1,fun,M,IFfunM
Schsc,154,13,C,2,5.8,fun,M,CfunM
Schsc,154,13,C,3,2.2,fun,M,CfunM
Schsc,154,13,C,4,1.25,fun,M,CfunM
Schsc,154,13,C,5,1.4,fun,M,CfunM
Schsc,154,13,C,6,0.333333333,fun,M,CfunM
Andge,155,12,IF,1,2,fun,M,IFfunM
Andge,155,12,IF,2,0.6,fun,M,IFfunM
Andge,155,12,IF,3,3,fun,M,IFfunM
Andge,155,12,IF,4,0.6,fun,M,IFfunM
Andge,155,12,IF,5,0.8,fun,M,IFfunM
Andge,155,12,IF,6,0.2,fun,M,IFfunM
Muhra,156,12,I,1,2.2,fun,M,IfunM
Muhra,156,12,I,2,4.4,fun,M,IfunM
Muhra,156,12,I,3,1.2,fun,M,IfunM
Muhra,156,12,I,4,1.4,fun,M,IfunM
Muhra,156,12,I,5,3,fun,M,IfunM
Muhra,156,12,I,6,2.4,fun,M,IfunM
Andge,157,13,IF,1,2.2,fun,M,IFfunM
Andge,157,13,IF,2,0,fun,M,IFfunM
Andge,157,13,IF,3,1.75,fun,M,IFfunM
Andge,157,13,IF,4,0.4,fun,M,IFfunM
Andge,157,13,IF,5,1.6,fun,M,IFfunM
Andge,157,13,IF,6,0.75,fun,M,IFfunM
Asctu,158,14,C,1,0.4,fun,M,CfunM
Asctu,158,14,C,2,0,fun,M,CfunM
Asctu,158,14,C,3,0.2,fun,M,CfunM
Asctu,158,14,C,4,0.2,fun,M,CfunM
Sornu,159,11,I,1,1,fun,M,IfunM
Sornu,159,11,I,2,3.333333333,fun,M,IfunM
Sornu,159,11,I,3,5,fun,M,IfunM
Sornu,159,11,I,4,8.666666667,fun,M,IfunM
Asctu,160,13,I,1,0.6,fun,M,IfunM
Asctu,160,13,I,2,1.6,fun,M,IfunM
Asctu,160,13,I,3,0.2,fun,M,IfunM
Asctu,160,13,I,4,0.2,fun,M,IfunM
Asctu,160,13,I,5,0,fun,M,IfunM
Asctu,160,13,I,6,0.8,fun,M,IfunM
Monfi,161,12,IF,2,1.2,fun,M,IFfunM
Spohe,162,12,I,3,0,fun,M,IfunM
Astaz,163,10,C,1,1.333333333,fun,M,CfunM
Astaz,163,10,C,2,0.6,fun,M,CfunM
Astaz,163,10,C,3,0,fun,M,CfunM
Astaz,163,10,C,4,1,fun,M,CfunM
Astaz,163,10,C,5,0.2,fun,M,CfunM
Rudhi,164,16,I,1,0.5,fun,M,IfunM
Rudhi,164,16,I,2,0.4,fun,M,IfunM
Rudhi,164,16,I,3,0,fun,M,IfunM
Rudhi,164,16,I,4,2.75,fun,M,IfunM
Rudhi,164,16,I,5,2,fun,M,IfunM
Agafo,165,13,I,1,1.75,fun,M,IfunM
Agafo,165,13,I,4,0.666666667,fun,M,IfunM
Andge,166,15,I,1,0.333333333,fun,M,IfunM
Andge,166,15,I,2,4,fun,M,IfunM
Andge,166,15,I,3,1.4,fun,M,IfunM
Andge,166,15,I,4,2.666666667,fun,M,IfunM
Andge,166,15,I,5,0.666666667,fun,M,IfunM
Andge,166,15,I,6,1.25,fun,M,IfunM
Bougr,167,17,I,1,0.2,fun,M,IfunM
Bougr,167,17,I,2,0.8,fun,M,IfunM
Bougr,167,17,I,3,0.5,fun,M,IfunM
Bougr,167,17,I,4,0.2,fun,M,IfunM
Bougr,167,17,I,5,0,fun,M,IfunM
Bougr,167,17,I,6,0.5,fun,M,IfunM
Boucu,168,17,I,1,0.6,fun,M,IfunM
Boucu,168,17,I,2,1.4,fun,M,IfunM
Boucu,168,17,I,3,1.4,fun,M,IfunM
Boucu,168,17,I,4,1.2,fun,M,IfunM
Boucu,168,17,I,5,0.6,fun,M,IfunM
Liaas,169,16,C,1,0,fun,M,CfunM
Sornu,170,15,C,1,2.25,fun,M,CfunM
Sornu,170,15,C,2,10.66666667,fun,M,CfunM
Sornu,170,15,C,3,1.666666667,fun,M,CfunM
Sornu,170,15,C,4,3.8,fun,M,CfunM
Panvi,171,11,IF,1,0.8,fun,M,IFfunM
Panvi,171,11,IF,2,0,fun,M,IFfunM
Panvi,171,11,IF,3,1.5,fun,M,IFfunM
Panvi,171,11,IF,4,0.6,fun,M,IFfunM
Panvi,171,11,IF,5,1,fun,M,IFfunM
Panvi,171,11,IF,6,1.25,fun,M,IFfunM
Boucu,172,18,I,1,0.2,fun,M,IfunM
Boucu,172,18,I,2,0.2,fun,M,IfunM
Boucu,172,18,I,3,0.6,fun,M,IfunM
Boucu,172,18,I,4,1,fun,M,IfunM
Boucu,172,18,I,5,0.2,fun,M,IfunM
Asctu,173,15,C,1,0,fun,M,CfunM
Asctu,173,15,C,2,1.2,fun,M,CfunM
Asctu,173,15,C,4,0.4,fun,M,CfunM
Asctu,173,15,C,5,0,fun,M,CfunM
Asctu,173,15,C,6,0,fun,M,CfunM
Astaz,175,16,IF,1,1.2,fun,M,IFfunM
Astaz,175,16,IF,2,0.666666667,fun,M,IFfunM
Astaz,175,16,IF,4,1.8,fun,M,IFfunM
Astaz,175,16,IF,5,1,fun,M,IFfunM
Asctu,176,14,I,3,0.2,fun,M,IfunM
Asctu,176,14,I,4,0,fun,M,IfunM
Asctu,176,14,I,6,0,fun,M,IfunM
Ascsy,177,15,C,1,2.5,fun,M,CfunM
Asctu,178,11,IF,1,0,fun,M,IFfunM
Asctu,178,11,IF,2,0.6,fun,M,IFfunM
Asctu,178,11,IF,3,0,fun,M,IFfunM
Asctu,178,11,IF,5,0,fun,M,IFfunM
Asctu,178,11,IF,6,0.4,fun,M,IFfunM
Schsc,179,11,I,1,0.8,fun,M,IfunM
Schsc,179,11,I,2,1.8,fun,M,IfunM
Schsc,179,11,I,3,1.4,fun,M,IfunM
Schsc,179,11,I,4,3.4,fun,M,IfunM
Schsc,179,11,I,5,0.4,fun,M,IfunM
Schsc,180,12,IF,1,0.6,fun,M,IFfunM
Schsc,180,12,IF,2,0.4,fun,M,IFfunM
Schsc,180,12,IF,4,1,fun,M,IFfunM
Schsc,180,12,IF,5,0.4,fun,M,IFfunM
Schsc,180,12,IF,6,0.4,fun,M,IFfunM
Bougr,181,12,IF,1,0.2,fun,M,IFfunM
Bougr,181,12,IF,2,0,fun,M,IFfunM
Bougr,181,12,IF,3,0,fun,M,IFfunM
Bougr,181,12,IF,5,0.2,fun,M,IFfunM
Bougr,181,12,IF,6,0.2,fun,M,IFfunM
Sornu,182,13,IF,1,0.6,fun,M,IFfunM
Sornu,182,13,IF,2,0.6,fun,M,IFfunM
Sornu,182,13,IF,3,0.4,fun,M,IFfunM
Sornu,182,13,IF,4,0,fun,M,IFfunM
Sornu,184,12,C,1,14.2,fun,M,CfunM
Sornu,184,12,C,2,2.5,fun,M,CfunM
Sornu,184,12,C,3,4,fun,M,CfunM
Sornu,184,12,C,4,1.333333333,fun,M,CfunM
Monfi,185,12,C,4,0,fun,M,CfunM
Ascsy,186,11,IF,1,0,fun,M,IFfunM
Ascsy,186,11,IF,3,0.2,fun,M,IFfunM
Schsc,187,13,IF,1,1.2,fun,M,IFfunM
Schsc,187,13,IF,2,0.4,fun,M,IFfunM
Schsc,187,13,IF,3,0.8,fun,M,IFfunM
Schsc,187,13,IF,4,0,fun,M,IFfunM
Schsc,187,13,IF,5,0.8,fun,M,IFfunM
Schsc,187,13,IF,6,1.2,fun,M,IFfunM
Boucu,188,13,IF,1,0.2,fun,M,IFfunM
Boucu,188,13,IF,2,0.4,fun,M,IFfunM
Boucu,188,13,IF,3,0.2,fun,M,IFfunM
Boucu,188,13,IF,4,0.2,fun,M,IFfunM
Boucu,188,13,IF,5,0.4,fun,M,IFfunM
Andge,189,10,C,1,2,fun,M,CfunM
Andge,189,10,C,2,3.666666667,fun,M,CfunM
Andge,189,10,C,4,1,fun,M,CfunM
Andge,189,10,C,5,0.8,fun,M,CfunM
Andge,189,10,C,6,0.75,fun,M,CfunM
Liaas,191,10,C,4,0,fun,M,CfunM
Astaz,192,13,I,1,1,fun,M,IfunM
Astaz,192,13,I,2,2,fun,M,IfunM
Astaz,192,13,I,3,1,fun,M,IfunM
Astaz,192,13,I,5,2.333333333,fun,M,IfunM
Muhra,193,14,IF,1,1,fun,M,IFfunM
Muhra,193,14,IF,2,1,fun,M,IFfunM
Muhra,193,14,IF,3,1.2,fun,M,IFfunM
Muhra,193,14,IF,4,2.4,fun,M,IFfunM
Muhra,193,14,IF,5,0.25,fun,M,IFfunM
Schsc,194,14,I,1,1.2,fun,M,IfunM
Schsc,194,14,I,2,0.5,fun,M,IfunM
Schsc,194,14,I,3,1.6,fun,M,IfunM
Schsc,194,14,I,4,1.4,fun,M,IfunM
Schsc,194,14,I,5,1.6,fun,M,IfunM
Schsc,194,14,I,6,1.6,fun,M,IfunM
Schsc,195,14,IF,1,0.2,fun,M,IFfunM
Schsc,195,14,IF,2,0.4,fun,M,IFfunM
Schsc,195,14,IF,3,0.6,fun,M,IFfunM
Schsc,195,14,IF,5,0.2,fun,M,IFfunM
Schsc,195,14,IF,6,0.2,fun,M,IFfunM
Spohe,196,11,I,2,0.5,fun,M,IfunM
Spohe,196,11,I,3,0.4,fun,M,IfunM
Rudhi,198,14,I,1,0,fun,M,IfunM
Rudhi,198,14,I,2,0,fun,M,IfunM
Rudhi,198,14,I,4,0.333333333,fun,M,IfunM
Rudhi,198,14,I,6,0.666666667,fun,M,IfunM
Andge,199,14,C,2,2.333333333,fun,M,CfunM
Andge,199,14,C,3,1.666666667,fun,M,CfunM
Andge,199,14,C,4,0.75,fun,M,CfunM
Andge,199,14,C,5,0.75,fun,M,CfunM
Andge,199,14,C,6,0.75,fun,M,CfunM
Boucu,200,7,C,1,4.666666667,fun,M,CfunM
Boucu,200,7,C,2,1.2,fun,M,CfunM
Boucu,200,7,C,3,2.4,fun,M,CfunM
Boucu,200,7,C,4,1.2,fun,M,CfunM
Boucu,200,7,C,5,0.8,fun,M,CfunM
Achmi,202,13,C,1,0,fun,M,CfunM
Achmi,202,13,C,5,0,fun,M,CfunM
Achmi,202,13,C,6,0,fun,M,CfunM
Sornu,203,15,C,1,50.33333333,fun,M,CfunM
Sornu,203,15,C,2,3,fun,M,CfunM
Sornu,203,15,C,3,2.75,fun,M,CfunM
Sornu,203,15,C,4,7,fun,M,CfunM
Ascsy,204,14,I,1,3.5,fun,M,IfunM
Ascsy,204,14,I,2,2,fun,M,IfunM
Liaas,205,12,IF,3,4.333333333,fun,M,IFfunM
Muhra,206,12,C,1,2.2,fun,M,CfunM
Muhra,206,12,C,4,2,fun,M,CfunM
Muhra,207,10,IF,1,1,fun,M,IFfunM
Muhra,207,10,IF,2,1.25,fun,M,IFfunM
Muhra,207,10,IF,3,0,fun,M,IFfunM
Muhra,207,10,IF,4,1,fun,M,IFfunM
Muhra,207,10,IF,6,2.666666667,fun,M,IFfunM
Asctu,208,11,IF,2,0,fun,M,IFfunM
Asctu,208,11,IF,4,0,fun,M,IFfunM
Asctu,208,11,IF,5,0,fun,M,IFfunM
Asctu,208,11,IF,6,0,fun,M,IFfunM
Asctu,209,11,I,1,0.4,fun,M,IfunM
Asctu,209,11,I,3,0.4,fun,M,IfunM
Asctu,209,11,I,4,0.6,fun,M,IfunM
Asctu,209,11,I,6,0.2,fun,M,IfunM
Panvi,210,13,C,1,8.333333333,fun,M,CfunM
Panvi,210,13,C,2,2.333333333,fun,M,CfunM
Panvi,210,13,C,3,15,fun,M,CfunM
Panvi,210,13,C,4,2,fun,M,CfunM
Panvi,210,13,C,5,3.4,fun,M,CfunM
Panvi,210,13,C,6,1.333333333,fun,M,CfunM
Astaz,211,13,I,1,4.4,fun,M,IfunM
Astaz,211,13,I,2,2,fun,M,IfunM
Astaz,211,13,I,4,2.2,fun,M,IfunM
Astaz,211,13,I,5,0.75,fun,M,IfunM
Astaz,211,13,I,6,2,fun,M,IfunM
Astaz,212,14,C,1,3.4,fun,M,CfunM
Astaz,212,14,C,3,15.25,fun,M,CfunM
Astaz,212,14,C,4,1.666666667,fun,M,CfunM
Astaz,212,14,C,5,2,fun,M,CfunM
Astaz,212,14,C,6,3.5,fun,M,CfunM
Astaz,213,12,IF,1,2,fun,M,IFfunM
Astaz,213,12,IF,2,1.4,fun,M,IFfunM
Astaz,213,12,IF,3,1.75,fun,M,IFfunM
Astaz,213,12,IF,4,2.25,fun,M,IFfunM
Astaz,213,12,IF,5,2,fun,M,IFfunM
Astaz,213,12,IF,6,0,fun,M,IFfunM
Achmi,214,10,C,1,0,fun,M,CfunM
Achmi,214,10,C,2,5,fun,M,CfunM
Achmi,214,10,C,5,0,fun,M,CfunM
Ascsy,215,9,C,1,5,fun,M,CfunM
Sornu,216,13,IF,1,2.25,fun,M,IFfunM
Sornu,216,13,IF,2,1.333333333,fun,M,IFfunM
Sornu,216,13,IF,3,0.666666667,fun,M,IFfunM
Sornu,216,13,IF,4,0,fun,M,IFfunM
Agafo,217,15,IF,1,0.2,fun,M,IFfunM
Agafo,217,15,IF,3,0,fun,M,IFfunM
Agafo,218,13,I,1,11.4,fun,M,IfunM
Agafo,218,13,I,6,1.2,fun,M,IfunM
Bougr,219,14,I,1,0.2,fun,M,IfunM
Bougr,219,14,I,3,0.2,fun,M,IfunM
Bougr,219,14,I,4,2.4,fun,M,IfunM
Bougr,219,14,I,5,0.6,fun,M,IfunM
Bougr,219,14,I,6,0.8,fun,M,IfunM
Bougr,220,15,IF,1,0,fun,M,IFfunM
Bougr,220,15,IF,2,0.2,fun,M,IFfunM
Bougr,220,15,IF,3,0,fun,M,IFfunM
Bougr,220,15,IF,4,0,fun,M,IFfunM
Bougr,220,15,IF,5,0.2,fun,M,IFfunM
Bougr,220,15,IF,6,0,fun,M,IFfunM
Rudhi,221,11,IF,1,0.8,fun,M,IFfunM
Rudhi,221,11,IF,2,1.4,fun,M,IFfunM
Rudhi,221,11,IF,3,2.666666667,fun,M,IFfunM
Rudhi,221,11,IF,4,1.75,fun,M,IFfunM
Rudhi,221,11,IF,6,0,fun,M,IFfunM
Achmi,222,10,IF,4,0,fun,M,IFfunM
Achmi,222,10,IF,5,0,fun,M,IFfunM
Sornu,223,11,I,1,3.5,fun,M,IfunM
Sornu,223,11,I,2,0.8,fun,M,IfunM
Sornu,223,11,I,3,4.4,fun,M,IfunM
Sornu,223,11,I,4,3.666666667,fun,M,IfunM
Muhra,224,12,C,1,1,fun,M,CfunM
Muhra,224,12,C,2,1.4,fun,M,CfunM
Muhra,224,12,C,5,1.8,fun,M,CfunM
Muhra,224,12,C,6,1.666666667,fun,M,CfunM
Muhra,225,15,IF,1,2.25,fun,M,IFfunM
Muhra,225,15,IF,2,1.333333333,fun,M,IFfunM
Muhra,225,15,IF,3,1.5,fun,M,IFfunM
Muhra,225,15,IF,4,0.6,fun,M,IFfunM
Muhra,225,15,IF,5,1,fun,M,IFfunM
Muhra,225,15,IF,6,1.2,fun,M,IFfunM
Agafo,227,14,C,1,1.2,fun,M,CfunM
Agafo,227,14,C,2,0,fun,M,CfunM
Agafo,227,14,C,3,1,fun,M,CfunM
Agafo,227,14,C,5,4,fun,M,CfunM
Bougr,228,14,C,1,1,fun,M,CfunM
Bougr,228,14,C,3,0.666666667,fun,M,CfunM
Bougr,228,14,C,4,0,fun,M,CfunM
Bougr,228,14,C,5,0.333333333,fun,M,CfunM
Bougr,228,14,C,6,0,fun,M,CfunM
Ascsy,229,12,I,1,0,fun,M,IfunM
Ascsy,229,12,I,3,0.5,fun,M,IfunM
Astaz,230,12,IF,1,6.4,fun,M,IFfunM
Astaz,230,12,IF,2,0,fun,M,IFfunM
Astaz,230,12,IF,3,0.6,fun,M,IFfunM
Astaz,230,12,IF,5,2.5,fun,M,IFfunM
Astaz,230,12,IF,6,0,fun,M,IFfunM
Andge,231,10,I,1,0.8,fun,M,IfunM
Andge,231,10,I,2,3,fun,M,IfunM
Andge,231,10,I,4,1,fun,M,IfunM
Andge,231,10,I,5,2,fun,M,IfunM
Andge,231,10,I,6,2.25,fun,M,IfunM
Astaz,232,12,I,1,22.5,fun,M,IfunM
Astaz,232,12,I,2,5.666666667,fun,M,IfunM
Astaz,232,12,I,4,0,fun,M,IfunM
Astaz,232,12,I,5,4,fun,M,IfunM
Astaz,232,12,I,6,0,fun,M,IfunM
Muhra,234,13,C,2,2,fun,M,CfunM
Muhra,234,13,C,3,1.6,fun,M,CfunM
Muhra,234,13,C,4,4.2,fun,M,CfunM
Muhra,234,13,C,5,3,fun,M,CfunM
Spohe,235,12,C,1,0.75,fun,M,CfunM
Spohe,235,12,C,2,0.666666667,fun,M,CfunM
Schsc,237,9,C,1,1.6,fun,M,CfunM
Schsc,237,9,C,2,1,fun,M,CfunM
Schsc,237,9,C,3,1,fun,M,CfunM
Schsc,237,9,C,4,0.75,fun,M,CfunM
Schsc,237,9,C,5,1.25,fun,M,CfunM
Schsc,237,9,C,6,1.2,fun,M,CfunM
Boucu,238,11,IF,1,0.2,fun,M,IFfunM
Boucu,238,11,IF,3,0.2,fun,M,IFfunM
Boucu,238,11,IF,4,0,fun,M,IFfunM
Boucu,238,11,IF,5,0,fun,M,IFfunM
Panvi,239,11,I,1,6.5,fun,M,IfunM
Panvi,239,11,I,2,3,fun,M,IfunM
Panvi,239,11,I,3,3.4,fun,M,IfunM
Panvi,239,11,I,4,2.2,fun,M,IfunM
Panvi,239,11,I,5,2,fun,M,IfunM
Panvi,239,11,I,6,0.666666667,fun,M,IfunM
Achmi,241,12,C,2,2.5,fun,M,CfunM
Achmi,241,12,C,3,1.25,fun,M,CfunM
Rudhi,242,13,IF,1,2,fun,M,IFfunM
Rudhi,242,13,IF,2,0.8,fun,M,IFfunM
Rudhi,242,13,IF,3,0.6,fun,M,IFfunM
Rudhi,242,13,IF,5,0,fun,M,IFfunM
Rudhi,242,13,IF,6,2.75,fun,M,IFfunM
Bougr,243,9,C,1,0.2,fun,M,CfunM
Bougr,243,9,C,2,2,fun,M,CfunM
Bougr,243,9,C,5,0.6,fun,M,CfunM
Panvi,244,10,I,1,4.6,fun,M,IfunM
Panvi,244,10,I,2,8.8,fun,M,IfunM
Panvi,244,10,I,3,2.2,fun,M,IfunM
Panvi,244,10,I,4,2.6,fun,M,IfunM
Panvi,244,10,I,5,5.8,fun,M,IfunM
Panvi,244,10,I,6,1.5,fun,M,IfunM
Achmi,245,11,I,1,6.666666667,fun,M,IfunM
Achmi,245,11,I,5,0,fun,M,IfunM
Achmi,245,11,I,6,2.5,fun,M,IfunM
Achmi,246,10,IF,6,0,fun,M,IFfunM
Agafo,247,12,C,2,0.8,fun,M,CfunM
Rudhi,248,11,C,1,0,fun,M,CfunM
Rudhi,248,11,C,2,0,fun,M,CfunM
Liaas,249,10,I,1,40,fun,M,IfunM
Liaas,249,10,I,3,18,fun,M,IfunM
Bougr,250,12,C,2,0.2,fun,M,CfunM
Bougr,250,12,C,3,0,fun,M,CfunM
Bougr,250,12,C,4,0,fun,M,CfunM
Bougr,250,12,C,5,0,fun,M,CfunM
Bougr,250,12,C,6,0,fun,M,CfunM
Rudhi,251,11,C,2,1,fun,M,CfunM
Spohe,252,11,IF,1,0,fun,M,IFfunM
Spohe,252,11,IF,3,0,fun,M,IFfunM
Asctu,253,10,IF,1,1,fun,M,IFfunM
Asctu,253,10,IF,2,0,fun,M,IFfunM
Asctu,253,10,IF,3,0.8,fun,M,IFfunM
Asctu,253,10,IF,4,0.2,fun,M,IFfunM
Asctu,253,10,IF,5,0,fun,M,IFfunM
Spohe,254,7,IF,1,0,fun,M,IFfunM
Panvi,255,12,C,1,1.4,fun,M,CfunM
Panvi,255,12,C,2,2.5,fun,M,CfunM
Panvi,255,12,C,3,4.6,fun,M,CfunM
Panvi,255,12,C,4,2.2,fun,M,CfunM
Panvi,255,12,C,5,1,fun,M,CfunM
Panvi,255,12,C,6,6,fun,M,CfunM
Panvi,256,16,IF,1,1,fun,M,IFfunM
Panvi,256,16,IF,3,0,fun,M,IFfunM
Panvi,256,16,IF,4,0.333333333,fun,M,IFfunM
Panvi,256,16,IF,5,3,fun,M,IFfunM
Panvi,256,16,IF,6,0,fun,M,IFfunM
Boucu,257,12,C,1,2.4,fun,M,CfunM
Boucu,257,12,C,3,0.4,fun,M,CfunM
Boucu,257,12,C,4,1,fun,M,CfunM
Agafo,258,10,I,1,2,fun,M,IfunM
Agafo,258,10,I,3,0.2,fun,M,IfunM
Agafo,258,10,I,4,0,fun,M,IfunM
Agafo,259,13,IF,1,0.6,fun,M,IFfunM
Agafo,259,13,IF,2,0,fun,M,IFfunM
Agafo,259,13,IF,3,0,fun,M,IFfunM
Agafo,259,13,IF,5,1,fun,M,IFfunM
Rudhi,260,15,I,1,0.2,fun,M,IfunM
Rudhi,260,15,I,2,0,fun,M,IfunM
Rudhi,260,15,I,3,1,fun,M,IfunM
Rudhi,260,15,I,5,0,fun,M,IfunM
Rudhi,260,15,I,6,10,fun,M,IfunM
Bougr,261,13,IF,1,0,fun,M,IFfunM
Bougr,261,13,IF,2,0,fun,M,IFfunM
Bougr,261,13,IF,3,0,fun,M,IFfunM
Bougr,261,13,IF,4,0.4,fun,M,IFfunM
Bougr,261,13,IF,5,0,fun,M,IFfunM
Bougr,261,13,IF,6,0,fun,M,IFfunM
Sornu,262,12,I,1,1.4,fun,M,IfunM
Sornu,262,12,I,2,13,fun,M,IfunM
Sornu,262,12,I,3,11,fun,M,IfunM
Sornu,262,12,I,4,7.666666667,fun,M,IfunM
Spohe,263,13,I,1,1.25,fun,M,IfunM
Achmi,264,13,I,1,1.4,fun,M,IfunM
Achmi,264,13,I,2,0,fun,M,IfunM
Achmi,264,13,I,3,0,fun,M,IfunM
Muhra,266,9,I,1,0.8,fun,M,IfunM
Muhra,266,9,I,2,3.25,fun,M,IfunM
Muhra,266,9,I,3,2.2,fun,M,IfunM
Muhra,266,9,I,4,1.5,fun,M,IfunM
Muhra,266,9,I,5,1.6,fun,M,IfunM
Muhra,266,9,I,6,2.2,fun,M,IfunM
Schsc,267,13,C,1,2.6,fun,M,CfunM
Schsc,267,13,C,2,2,fun,M,CfunM
Schsc,267,13,C,3,1.2,fun,M,CfunM
Schsc,267,13,C,4,1.8,fun,M,CfunM
Schsc,267,13,C,6,0.4,fun,M,CfunM
Rudhi,268,15,C,1,1,fun,M,CfunM
Rudhi,268,15,C,5,0.666666667,fun,M,CfunM
Rudhi,268,15,C,6,11.25,fun,M,CfunM
Astaz,269,9,C,1,1.75,fun,M,CfunM
Astaz,269,9,C,2,0.25,fun,M,CfunM
Astaz,269,9,C,3,2,fun,M,CfunM
Astaz,269,9,C,4,14.33333333,fun,M,CfunM
Astaz,269,9,C,6,10,fun,M,CfunM
Liaas,270,11,IF,2,0,fun,M,IFfunM
Schsc,271,12,I,1,5,fun,M,IfunM
Schsc,271,12,I,2,2,fun,M,IfunM
Schsc,271,12,I,3,1.2,fun,M,IfunM
Schsc,271,12,I,5,1,fun,M,IfunM
Schsc,271,12,I,6,2,fun,M,IfunM
Agafo,272,13,IF,1,0.4,fun,M,IFfunM
Agafo,272,13,IF,2,1.2,fun,M,IFfunM
Agafo,272,13,IF,3,1.5,fun,M,IFfunM
Boucu,273,11,IF,2,0,fun,M,IFfunM
Boucu,273,11,IF,3,0,fun,M,IFfunM
Boucu,273,11,IF,4,0.2,fun,M,IFfunM
Boucu,273,11,IF,5,0.6,fun,M,IFfunM
Andge,274,11,IF,1,1,fun,M,IFfunM
Andge,274,11,IF,2,1,fun,M,IFfunM
Andge,274,11,IF,3,0,fun,M,IFfunM
Andge,274,11,IF,4,0.4,fun,M,IFfunM
Andge,274,11,IF,6,1.333333333,fun,M,IFfunM
Sornu,276,12,IF,1,0.4,fun,M,IFfunM
Sornu,276,12,IF,2,0.333333333,fun,M,IFfunM
Sornu,276,12,IF,3,0,fun,M,IFfunM
Sornu,276,12,IF,4,1,fun,M,IFfunM
Ascsy,277,10,IF,1,0.8,fun,M,IFfunM
Ascsy,277,10,IF,2,0.8,fun,M,IFfunM
Ascsy,277,10,IF,3,0,fun,M,IFfunM
Liaas,278,13,I,4,0,fun,M,IfunM
Boucu,279,7,C,2,1.4,fun,M,CfunM
Boucu,279,7,C,3,1,fun,M,CfunM
Achmi,280,9,I,2,0,fun,M,IfunM
Achmi,280,9,I,3,3.333333333,fun,M,IfunM
Achmi,280,9,I,4,0,fun,M,IfunM
Agafo,281,10,C,4,2,fun,M,CfunM
Boucu,283,9,I,1,1,fun,M,IfunM
Boucu,283,9,I,4,2.2,fun,M,IfunM
Rudhi,284,9,IF,1,0.4,fun,M,IFfunM
Rudhi,284,9,IF,3,0.5,fun,M,IFfunM
Rudhi,284,9,IF,4,1.6,fun,M,IFfunM
Panvi,285,10,C,1,4.666666667,fun,M,CfunM
Panvi,285,10,C,2,7.25,fun,M,CfunM
Panvi,285,10,C,3,7.5,fun,M,CfunM
Panvi,285,10,C,4,6.333333333,fun,M,CfunM
Panvi,285,10,C,5,34.33333333,fun,M,CfunM
Panvi,285,10,C,6,7.8,fun,M,CfunM
Andge,287,12,C,1,4.4,fun,M,CfunM
Andge,287,12,C,2,8,fun,M,CfunM
Andge,287,12,C,3,3.5,fun,M,CfunM
Andge,287,12,C,4,12,fun,M,CfunM
Andge,287,12,C,5,1.333333333,fun,M,CfunM
Andge,287,12,C,6,1.5,fun,M,CfunM
Achmi,288,10,IF,1,0,fun,M,IFfunM
Achmi,288,10,IF,2,0,fun,M,IFfunM
Achmi,288,10,IF,3,0,fun,M,IFfunM
